,试样,图片,y值
0,1,1,585
1,1,2,585
2,1,3,584
3,1,4,585
4,1,5,584
5,1,6,583
6,1,7,582
7,1,8,584
8,1,9,581
9,1,10,582
10,1,11,581
11,1,12,583
12,1,13,581
13,1,14,582
14,1,15,582
15,1,16,581
16,1,17,581
17,1,18,579
18,1,19,580
19,1,20,577
20,1,21,577
21,1,22,577
22,1,23,577
23,1,24,575
24,1,25,574
25,1,26,574
26,1,27,573
27,1,28,568
28,1,29,567
29,1,30,565
30,1,31,560
31,1,32,554
32,1,33,551
33,1,34,548
34,1,35,544
35,1,36,541
36,1,37,538
37,1,38,533
38,1,39,530
39,1,40,527
40,1,41,525
41,1,42,521
42,1,43,518
43,1,44,515
44,1,45,514
45,1,46,509
46,1,47,508
47,1,48,504
48,1,49,503
49,1,50,501
50,1,51,499
51,1,52,497
52,1,53,492
53,1,54,490
54,1,55,490
55,1,56,487
56,1,57,486
57,1,58,484
58,1,59,481
59,1,60,480
60,1,61,478
61,1,62,476
62,1,63,474
63,1,64,470
64,1,65,468
65,1,66,469
66,1,67,467
67,1,68,465
68,1,69,462
69,1,70,461
70,1,71,460
71,1,72,456
72,1,73,456
73,1,74,454
74,1,75,453
75,1,76,449
76,1,77,449
77,1,78,447
78,1,79,446
79,1,80,444
80,1,81,442
81,1,82,441
82,1,83,439
83,1,84,438
84,1,85,436
85,1,86,434
86,1,87,433
87,1,88,432
88,1,89,430
89,1,90,429
90,1,91,427
91,1,92,426
92,1,93,425
93,1,94,423
94,1,95,422
95,1,96,420
96,1,97,419
97,1,98,417
98,1,99,414
99,1,100,413
100,1,101,411
101,1,102,410
102,1,103,409
103,1,104,408
104,1,105,406
105,1,106,406
106,1,107,403
107,1,108,403
108,1,109,400
109,1,110,395
110,1,111,388
111,1,112,387
112,1,113,384
113,1,114,383
114,1,115,382
115,1,116,380
116,1,117,379
117,1,118,377
118,1,119,375
119,1,120,374
120,1,121,373
121,1,122,371
122,1,123,370
123,1,124,369
124,1,125,367
125,1,126,366
126,1,127,364
127,1,128,363
128,1,129,363
129,1,130,361
130,1,131,359
131,1,132,356
132,1,133,353
133,1,134,351
134,1,135,349
135,1,136,347
136,1,137,346
137,1,138,345
138,1,139,344
139,1,140,342
140,1,141,341
141,1,142,340
142,1,143,339
143,1,144,338
144,1,145,337
145,1,146,336
146,1,147,334
147,1,148,333
148,1,149,332
149,1,150,331
150,1,151,330
151,1,152,329
152,1,153,328
153,1,154,327
154,1,155,326
155,1,156,325
156,1,157,324
157,1,158,323
158,1,159,322
159,1,160,322
160,1,161,322
161,1,162,322
162,1,163,321
163,2,1,566
164,2,2,566
165,2,3,566
166,2,4,566
167,2,5,568
168,2,6,566
169,2,7,568
170,2,8,566
171,2,9,568
172,2,10,565
173,2,11,567
174,2,12,566
175,2,13,566
176,2,14,565
177,2,15,564
178,2,16,563
179,2,17,562
180,2,18,561
181,2,19,560
182,2,20,557
183,2,21,558
184,2,22,553
185,2,23,554
186,2,24,552
187,2,25,548
188,2,26,548
189,2,27,547
190,2,28,543
191,2,29,540
192,2,30,538
193,2,31,536
194,2,32,534
195,2,33,534
196,2,34,529
197,2,35,529
198,2,36,526
199,2,37,524
200,2,38,522
201,2,39,519
202,2,40,517
203,2,41,514
204,2,42,513
205,2,43,512
206,2,44,510
207,2,45,507
208,2,46,506
209,2,47,504
210,2,48,502
211,2,49,501
212,2,50,499
213,2,51,497
214,2,52,496
215,2,53,494
216,2,54,493
217,2,55,491
218,2,56,489
219,2,57,488
220,2,58,486
221,2,59,484
222,2,60,483
223,2,61,481
224,2,62,480
225,2,63,479
226,2,64,477
227,2,65,476
228,2,66,474
229,2,67,451
230,2,68,449
231,2,69,447
232,2,70,446
233,2,71,444
234,2,72,444
235,2,73,441
236,2,74,441
237,2,75,438
238,2,76,437
239,2,77,435
240,2,78,434
241,2,79,432
242,2,80,431
243,2,81,429
244,2,82,428
245,2,83,427
246,2,84,427
247,2,85,425
248,2,86,424
249,2,87,423
250,2,88,421
251,2,89,420
252,2,90,420
253,2,91,418
254,2,92,417
255,2,93,416
256,2,94,415
257,2,95,414
258,2,96,413
259,2,97,412
260,2,98,411
261,2,99,397
262,2,100,383
263,2,101,502
264,2,102,362
265,2,103,367
266,2,104,362
267,2,105,388
268,2,106,396
269,2,107,396
270,2,108,393
271,2,109,395
272,2,110,391
273,2,111,386
274,2,112,386
275,2,113,388
276,2,114,387
277,2,115,386
278,2,116,386
279,2,117,384
280,2,118,384
281,2,119,383
282,2,120,377
283,2,121,378
284,2,122,377
285,2,123,376
286,2,124,375
287,2,125,374
288,2,126,396
289,2,127,426
290,2,128,462
291,2,129,534
292,2,130,523
293,2,131,532
294,2,132,531
295,2,133,520
296,2,134,520
297,2,135,542
298,6,1,640
299,6,2,640
300,6,3,639
301,6,4,640
302,6,5,640
303,6,6,640
304,6,7,640
305,6,8,639
306,6,9,632
307,6,10,623
308,6,11,640
309,6,12,639
310,6,13,640
311,6,14,639
312,6,15,638
313,6,16,622
314,6,17,639
315,6,18,638
316,6,19,638
317,6,20,621
318,6,21,638
319,6,22,638
320,6,23,637
321,6,24,637
322,6,25,636
323,6,26,621
324,6,27,617
325,6,28,628
326,6,29,619
327,6,30,618
328,6,31,614
329,6,32,624
330,6,33,627
331,6,34,620
332,6,35,600
333,6,36,596
334,6,37,591
335,6,38,588
336,6,39,583
337,6,40,577
338,6,41,573
339,6,42,566
340,6,43,562
341,6,44,559
342,6,45,558
343,6,46,552
344,6,47,552
345,6,48,549
346,6,49,544
347,6,50,542
348,6,51,539
349,6,52,536
350,6,53,536
351,6,54,531
352,6,55,529
353,6,56,528
354,6,57,524
355,6,58,522
356,6,59,520
357,6,60,520
358,6,61,516
359,6,62,514
360,6,63,511
361,6,64,510
362,6,65,508
363,6,66,507
364,6,67,507
365,6,68,503
366,6,69,502
367,6,70,501
368,6,71,499
369,6,72,498
370,6,73,493
371,6,74,489
372,6,75,485
373,6,76,482
374,6,77,474
375,6,78,470
376,6,79,468
377,6,80,467
378,6,81,464
379,6,82,462
380,6,83,460
381,6,84,459
382,6,85,457
383,6,86,455
384,6,87,454
385,6,88,452
386,6,89,451
387,6,90,449
388,6,91,448
389,6,92,446
390,6,93,444
391,6,94,442
392,6,95,441
393,6,96,440
394,6,97,439
395,6,98,437
396,6,99,436
397,6,100,433
398,6,101,431
399,6,102,429
400,6,103,427
401,6,104,426
402,6,105,424
403,6,106,419
404,6,107,416
405,6,108,415
406,6,109,413
407,6,110,413
408,6,111,412
409,6,112,410
410,6,113,409
411,6,114,408
412,6,115,407
413,6,116,406
414,6,117,405
415,6,118,403
416,6,119,403
417,6,120,402
418,6,121,401
419,6,122,399
420,6,123,398
421,6,124,397
422,6,125,397
423,6,126,396
424,6,127,395
425,6,128,392
426,7,1,587
427,7,2,587
428,7,3,587
429,7,4,587
430,7,5,587
431,7,6,586
432,7,7,585
433,7,8,584
434,7,9,583
435,7,10,583
436,7,11,582
437,7,12,581
438,7,13,579
439,7,14,578
440,7,15,577
441,7,16,576
442,7,17,575
443,7,18,573
444,7,19,571
445,7,20,569
446,7,21,566
447,7,22,563
448,7,23,561
449,7,24,559
450,7,25,556
451,7,26,554
452,7,27,552
453,7,28,550
454,7,29,548
455,7,30,546
456,7,31,543
457,7,32,542
458,7,33,539
459,7,34,537
460,7,35,535
461,7,36,533
462,7,37,531
463,7,38,529
464,7,39,527
465,7,40,526
466,7,41,524
467,7,42,522
468,7,43,520
469,7,44,518
470,7,45,517
471,7,46,515
472,7,47,513
473,7,48,512
474,7,49,510
475,7,50,509
476,7,51,507
477,7,52,505
478,7,53,504
479,7,54,502
480,7,55,501
481,7,56,500
482,7,57,498
483,7,58,496
484,7,59,495
485,7,60,494
486,7,61,492
487,7,62,491
488,7,63,491
489,7,64,488
490,7,65,487
491,7,66,487
492,7,67,484
493,7,68,483
494,7,69,482
495,7,70,481
496,7,71,480
497,7,72,479
498,7,73,477
499,7,74,475
500,7,75,472
501,7,76,466
502,7,77,461
503,7,78,458
504,7,79,458
505,7,80,455
506,7,81,454
507,7,82,452
508,7,83,451
509,7,84,450
510,7,85,449
511,7,86,447
512,7,87,447
513,7,88,446
514,7,89,444
515,7,90,442
516,7,91,441
517,7,92,440
518,7,93,439
519,7,94,438
520,7,95,437
521,7,96,436
522,7,97,435
523,7,98,434
524,7,99,433
525,7,100,432
526,7,101,431
527,7,102,430
528,7,103,428
529,7,104,427
530,7,105,426
531,7,106,425
532,7,107,424
533,7,108,422
534,7,109,422
535,7,110,421
536,7,111,420
537,7,112,419
538,7,113,418
539,7,114,416
540,7,115,415
541,7,116,415
542,7,117,414
543,7,118,413
544,7,119,412
545,7,120,411
546,7,121,410
547,7,122,410
548,7,123,409
549,7,124,413
550,7,125,416
551,7,126,424
552,7,127,428
553,7,128,431
554,7,129,515
555,7,130,514
556,7,131,513
557,7,132,519
558,7,133,518
559,7,134,517
560,7,135,517
561,7,136,515
562,10,1,717
563,10,2,716
564,10,3,716
565,10,4,716
566,10,5,716
567,10,6,715
568,10,7,715
569,10,8,714
570,10,9,713
571,10,10,713
572,10,11,712
573,10,12,713
574,10,13,713
575,10,14,712
576,10,15,711
577,10,16,711
578,10,17,710
579,10,18,710
580,10,19,709
581,10,20,709
582,10,21,709
583,10,22,708
584,10,23,707
585,10,24,701
586,10,25,700
587,10,26,699
588,10,27,699
589,10,28,698
590,10,29,697
591,10,30,695
592,10,31,694
593,10,32,693
594,10,33,691
595,10,34,690
596,10,35,690
597,10,36,688
598,10,37,686
599,10,38,686
600,10,39,684
601,10,40,682
602,10,41,681
603,10,42,680
604,10,43,679
605,10,44,677
606,10,45,676
607,10,46,675
608,10,47,673
609,10,48,672
610,10,49,671
611,10,50,669
612,10,51,668
613,10,52,667
614,10,53,666
615,10,54,664
616,10,55,663
617,10,56,662
618,10,57,659
619,10,58,658
620,10,59,656
621,10,60,655
622,10,61,654
623,10,62,653
624,10,63,651
625,10,64,650
626,10,65,649
627,10,66,647
628,10,67,646
629,10,68,645
630,10,69,644
631,10,70,643
632,10,71,642
633,10,72,640
634,10,73,631
635,10,74,631
636,10,75,626
637,10,76,621
638,10,77,619
639,10,78,616
640,10,79,615
641,10,80,614
642,10,81,612
643,10,82,610
644,10,83,610
645,10,84,608
646,10,85,607
647,10,86,606
648,10,87,604
649,10,88,602
650,10,89,602
651,10,90,601
652,10,91,599
653,10,92,598
654,10,93,596
655,10,94,595
656,10,95,595
657,10,96,594
658,10,97,593
659,10,98,591
660,10,99,590
661,10,100,589
662,10,101,588
663,10,102,587
664,10,103,586
665,10,104,584
666,10,105,583
667,11,1,574
668,11,2,574
669,11,3,574
670,11,4,574
671,11,5,573
672,11,6,573
673,11,7,573
674,11,8,573
675,11,9,573
676,11,10,572
677,11,11,572
678,11,12,572
679,11,13,571
680,11,14,571
681,11,15,571
682,11,16,570
683,11,17,570
684,11,18,569
685,11,19,569
686,11,20,562
687,11,21,562
688,11,22,561
689,11,23,559
690,11,24,558
691,11,25,555
692,11,26,555
693,11,27,553
694,11,28,549
695,11,29,548
696,11,30,546
697,11,31,543
698,11,32,538
699,11,33,536
700,11,34,532
701,11,35,528
702,11,36,525
703,11,37,522
704,11,38,518
705,11,39,516
706,11,40,512
707,11,41,509
708,11,42,506
709,11,43,504
710,11,44,501
711,11,45,499
712,11,46,496
713,11,47,494
714,11,48,492
715,11,49,489
716,11,50,487
717,11,51,485
718,11,52,483
719,11,53,480
720,11,54,479
721,11,55,476
722,11,56,475
723,11,57,473
724,11,58,471
725,11,59,469
726,11,60,467
727,11,61,466
728,11,62,464
729,11,63,462
730,11,64,460
731,11,65,459
732,11,66,457
733,11,67,455
734,11,68,454
735,11,69,452
736,11,70,450
737,11,71,449
738,11,72,447
739,11,73,446
740,11,74,444
741,11,75,443
742,11,76,441
743,11,77,440
744,11,78,438
745,11,79,437
746,11,80,435
747,11,81,434
748,11,82,432
749,11,83,431
750,11,84,430
751,11,85,429
752,11,86,427
753,11,87,426
754,11,88,424
755,11,89,423
756,11,90,422
757,11,91,421
758,11,92,419
759,11,93,418
760,11,94,417
761,11,95,415
762,11,96,414
763,11,97,413
764,11,98,412
765,11,99,411
766,11,100,409
767,11,101,408
768,11,102,407
769,11,103,406
770,11,104,405
771,11,105,404
772,11,106,402
773,11,107,401
774,11,108,400
775,11,109,399
776,11,110,398
777,11,111,397
778,11,112,396
779,11,113,395
780,11,114,394
781,11,115,393
782,11,116,392
783,11,117,390
784,11,118,389
785,11,119,388
786,11,120,387
787,11,121,386
788,11,122,385
789,11,123,384
790,11,124,383
791,11,125,382
792,11,126,381
793,11,127,380
794,11,128,379
795,11,129,378
796,11,130,377
797,11,131,376
798,11,132,375
799,11,133,374
800,11,134,373
801,11,135,372
802,11,136,371
803,11,137,370
804,11,138,369
805,11,139,368
806,11,140,367
807,11,141,366
808,11,142,365
809,11,143,364
810,11,144,363
811,11,145,362
812,11,146,361
813,11,147,360
814,11,148,358
815,11,149,357
816,11,150,358
817,11,151,357
818,11,152,356
819,11,153,355
820,11,154,354
821,11,155,353
822,11,156,351
823,11,157,350
824,11,158,351
825,11,159,350
826,11,160,349
827,11,161,348
828,11,162,347
829,11,163,346
830,11,164,344
831,11,165,345
832,11,166,344
833,11,167,343
834,11,168,342
835,11,169,340
836,11,170,341
837,11,171,340
838,11,172,339
839,11,173,338
840,11,174,337
841,11,175,337
842,11,176,335
843,11,177,333
844,11,178,334
845,11,179,333
846,11,180,332
847,11,181,330
848,11,182,328
849,11,183,330
850,11,184,329
851,11,185,328
852,11,186,325
853,11,187,327
854,11,188,326
855,11,189,325
856,11,190,323
857,11,191,321
858,11,192,323
859,11,193,322
860,11,194,321
861,11,195,318
862,11,196,317
863,11,197,319
864,11,198,317
865,11,199,315
866,11,200,314
867,11,201,316
868,11,202,315
869,11,203,313
870,11,204,312
871,11,205,310
872,11,206,309
873,11,207,310
874,11,208,308
875,11,209,308
876,11,210,307
877,11,211,306
878,11,212,305
879,11,213,305
880,11,214,303
881,11,215,303
882,11,216,303
883,11,217,302
884,11,218,301
885,11,219,300
886,11,220,305
887,11,221,299
888,11,222,297
889,11,223,297
890,11,224,296
891,11,225,302
892,11,226,295
893,11,227,294
894,11,228,299
895,11,229,299
896,11,230,298
897,11,231,292
898,11,232,297
899,11,233,296
900,11,234,289
901,11,235,295
902,11,236,288
903,11,237,288
904,11,238,295
905,11,239,286
906,11,240,285
907,11,241,284
908,11,242,284
909,11,243,289
910,11,244,282
911,11,245,282
912,11,246,281
913,11,247,285
914,11,248,285
915,11,249,286
916,11,250,285
917,11,251,284
918,11,252,284
919,11,253,283
920,11,254,283
921,11,255,283
922,11,256,282
923,11,257,281
924,11,258,282
925,11,259,282
926,11,260,281
927,11,261,281
928,11,262,280
929,11,263,280
930,11,264,279
931,11,265,279
932,11,266,278
933,11,267,278
934,11,268,278
935,11,269,277
936,11,270,276
937,11,271,276
938,11,272,275
939,11,273,275
940,11,274,274
941,11,275,274
942,11,276,274
943,11,277,272
944,11,278,272
945,11,279,271
946,11,280,271
947,11,281,270
948,11,282,270
949,11,283,269
950,11,284,269
951,11,285,269
952,11,286,267
953,11,287,267
954,11,288,267
955,11,289,265
956,11,290,266
957,11,291,259
958,12,1,575
959,12,2,574
960,12,3,575
961,12,4,574
962,12,5,574
963,12,6,574
964,12,7,574
965,12,8,574
966,12,9,574
967,12,10,574
968,12,11,574
969,12,12,575
970,12,13,575
971,12,14,575
972,12,15,573
973,12,16,573
974,12,17,574
975,12,18,572
976,12,19,573
977,12,20,609
978,12,21,572
979,12,22,611
980,12,23,605
981,12,24,604
982,12,25,602
983,12,26,601
984,12,27,599
985,12,28,597
986,12,29,592
987,12,30,588
988,12,31,584
989,12,32,581
990,12,33,577
991,12,34,574
992,12,35,571
993,12,36,569
994,12,37,566
995,12,38,562
996,12,39,560
997,12,40,557
998,12,41,555
999,12,42,553
1000,12,43,551
1001,12,44,548
1002,12,45,546
1003,12,46,544
1004,12,47,542
1005,12,48,540
1006,12,49,538
1007,12,50,536
1008,12,51,535
1009,12,52,533
1010,12,53,531
1011,12,54,530
1012,12,55,527
1013,12,56,525
1014,12,57,526
1015,12,58,522
1016,12,59,520
1017,12,60,519
1018,12,61,517
1019,12,62,515
1020,12,63,514
1021,12,64,512
1022,12,65,510
1023,12,66,509
1024,12,67,506
1025,12,68,505
1026,12,69,503
1027,12,70,502
1028,12,71,500
1029,12,72,499
1030,12,73,497
1031,12,74,496
1032,12,75,496
1033,12,76,493
1034,12,77,494
1035,12,78,493
1036,12,79,491
1037,12,80,490
1038,12,81,489
1039,12,82,488
1040,12,83,486
1041,12,84,485
1042,12,85,484
1043,12,86,483
1044,12,87,482
1045,12,88,480
1046,12,89,479
1047,12,90,478
1048,12,91,477
1049,12,92,476
1050,12,93,474
1051,12,94,473
1052,12,95,472
1053,12,96,471
1054,12,97,469
1055,12,98,469
1056,12,99,468
1057,12,100,466
1058,12,101,465
1059,12,102,464
1060,12,103,463
1061,12,104,462
1062,12,105,461
1063,12,106,460
1064,12,107,459
1065,12,108,457
1066,12,109,457
1067,12,110,456
1068,12,111,455
1069,12,112,454
1070,12,113,453
1071,12,114,452
1072,12,115,451
1073,12,116,450
1074,12,117,449
1075,12,118,448
1076,12,119,447
1077,12,120,446
1078,12,121,445
1079,12,122,444
1080,12,123,443
1081,12,124,442
1082,12,125,441
1083,12,126,441
1084,12,127,440
1085,12,128,439
1086,12,129,438
1087,12,130,437
1088,12,131,436
1089,12,132,435
1090,12,133,434
1091,12,134,433
1092,12,135,433
1093,12,136,431
1094,12,137,430
1095,12,138,429
1096,12,139,429
1097,12,140,428
1098,12,141,428
1099,12,142,427
1100,12,143,426
1101,12,144,425
1102,12,145,424
1103,12,146,423
1104,12,147,423
1105,12,148,422
1106,12,149,421
1107,12,150,419
1108,12,151,415
1109,12,152,415
1110,12,153,414
1111,12,154,413
1112,12,155,416
1113,12,156,415
1114,12,157,411
1115,12,158,410
1116,12,159,409
1117,12,160,408
1118,12,161,407
1119,12,162,407
1120,12,163,406
1121,12,164,405
1122,12,165,408
1123,12,166,404
1124,12,167,403
1125,12,168,402
1126,12,169,401
1127,12,170,401
1128,12,171,400
1129,12,172,399
1130,12,173,398
1131,12,174,398
1132,12,175,397
1133,12,176,396
1134,12,177,396
1135,12,178,396
1136,12,179,394
1137,12,180,394
1138,12,181,404
1139,12,182,397
1140,12,183,391
1141,12,184,404
1142,12,185,403
1143,12,186,403
1144,12,187,400
1145,12,188,399
1146,12,189,401
1147,12,190,398
1148,12,191,399
1149,12,192,396
1150,12,193,396
1151,12,194,397
1152,12,195,395
1153,12,196,394
1154,12,197,393
1155,12,198,392
1156,12,199,391
1157,12,200,392
1158,12,201,391
1159,12,202,390
1160,12,203,389
1161,12,204,389
1162,12,205,388
1163,12,206,387
1164,12,207,386
1165,12,208,386
1166,12,209,386
1167,12,210,385
1168,12,211,385
1169,12,212,384
1170,12,213,383
1171,12,214,382
1172,12,215,382
1173,12,216,381
1174,12,217,380
1175,12,218,380
1176,12,219,380
1177,12,220,378
1178,12,221,378
1179,12,222,378
1180,12,223,377
1181,12,224,378
1182,12,225,375
1183,12,226,375
1184,12,227,375
1185,12,228,374
1186,12,229,373
1187,12,230,373
1188,12,231,372
1189,12,232,371
1190,12,233,370
1191,12,234,370
1192,12,235,370
1193,12,236,369
1194,12,237,368
1195,12,238,368
1196,12,239,366
1197,12,240,367
1198,12,241,366
1199,12,242,365
1200,12,243,365
1201,12,244,365
1202,12,245,364
1203,12,246,363
1204,12,247,362
1205,12,248,362
1206,12,249,361
1207,12,250,360
1208,12,251,360
1209,12,252,360
1210,12,253,359
1211,12,254,359
1212,12,255,359
1213,12,256,358
1214,12,257,357
1215,12,258,358
1216,12,259,357
1217,12,260,356
1218,12,261,355
1219,12,262,354
1220,12,263,355
1221,12,264,354
1222,12,265,353
1223,12,266,353
1224,12,267,352
1225,12,268,352
1226,12,269,352
1227,12,270,351
1228,12,271,350
1229,12,272,349
1230,12,273,349
1231,12,274,348
1232,12,275,348
1233,12,276,348
1234,12,277,348
1235,12,278,347
1236,12,279,344
1237,12,280,344
1238,12,281,344
1239,12,282,343
1240,12,283,342
1241,12,284,342
1242,12,285,342
1243,12,286,341
1244,12,287,340
1245,12,288,339
1246,12,289,339
1247,12,290,338
1248,12,291,338
1249,12,292,337
1250,14,1,528
1251,14,2,527
1252,14,3,528
1253,14,4,528
1254,14,5,527
1255,14,6,528
1256,14,7,528
1257,14,8,527
1258,14,9,527
1259,14,10,527
1260,14,11,527
1261,14,12,527
1262,14,13,528
1263,14,14,528
1264,14,15,527
1265,14,16,528
1266,14,17,527
1267,14,18,527
1268,14,19,525
1269,14,20,525
1270,14,21,527
1271,14,22,526
1272,14,23,526
1273,14,24,571
1274,14,25,525
1275,14,26,526
1276,14,27,525
1277,14,28,524
1278,14,29,567
1279,14,30,567
1280,14,31,567
1281,14,32,566
1282,14,33,567
1283,14,34,566
1284,14,35,566
1285,14,36,566
1286,14,37,565
1287,14,38,565
1288,14,39,564
1289,14,40,564
1290,14,41,563
1291,14,42,562
1292,14,43,561
1293,14,44,561
1294,14,45,560
1295,14,46,559
1296,14,47,558
1297,14,48,557
1298,14,49,556
1299,14,50,555
1300,14,51,554
1301,14,52,553
1302,14,53,552
1303,14,54,551
1304,14,55,548
1305,14,56,546
1306,14,57,545
1307,14,58,543
1308,14,59,542
1309,14,60,540
1310,14,61,538
1311,14,62,535
1312,14,63,533
1313,14,64,530
1314,14,65,528
1315,14,66,526
1316,14,67,523
1317,14,68,521
1318,14,69,518
1319,14,70,516
1320,14,71,514
1321,14,72,511
1322,14,73,509
1323,14,74,507
1324,14,75,504
1325,14,76,502
1326,14,77,500
1327,14,78,498
1328,14,79,496
1329,14,80,494
1330,14,81,492
1331,14,82,490
1332,14,83,488
1333,14,84,486
1334,14,85,484
1335,14,86,482
1336,14,87,480
1337,14,88,479
1338,14,89,477
1339,14,90,475
1340,14,91,473
1341,14,92,472
1342,14,93,470
1343,14,94,468
1344,14,95,467
1345,14,96,465
1346,14,97,463
1347,14,98,462
1348,14,99,461
1349,14,100,459
1350,14,101,458
1351,14,102,456
1352,14,103,455
1353,14,104,453
1354,14,105,452
1355,14,106,450
1356,14,107,449
1357,14,108,448
1358,14,109,446
1359,14,110,445
1360,14,111,443
1361,14,112,442
1362,14,113,441
1363,14,114,439
1364,14,115,438
1365,14,116,437
1366,14,117,436
1367,14,118,435
1368,14,119,433
1369,14,120,432
1370,14,121,431
1371,14,122,430
1372,14,123,429
1373,14,124,427
1374,14,125,426
1375,14,126,425
1376,14,127,424
1377,14,128,423
1378,14,129,421
1379,14,130,420
1380,14,131,419
1381,14,132,418
1382,14,133,417
1383,14,134,416
1384,14,135,415
1385,14,136,413
1386,14,137,413
1387,14,138,411
1388,14,139,410
1389,14,140,409
1390,14,141,408
1391,14,142,407
1392,14,143,406
1393,14,144,405
1394,14,145,405
1395,14,146,403
1396,14,147,402
1397,14,148,401
1398,14,149,400
1399,14,150,399
1400,14,151,398
1401,14,152,397
1402,14,153,396
1403,14,154,395
1404,14,155,394
1405,14,156,393
1406,14,157,392
1407,14,158,391
1408,14,159,390
1409,14,160,389
1410,14,161,388
1411,14,162,387
1412,14,163,386
1413,14,164,386
1414,14,165,385
1415,14,166,383
1416,14,167,383
1417,14,168,382
1418,14,169,381
1419,14,170,380
1420,14,171,379
1421,14,172,378
1422,14,173,377
1423,14,174,376
1424,14,175,375
1425,14,176,374
1426,14,177,374
1427,14,178,373
1428,14,179,372
1429,14,180,371
1430,14,181,370
1431,14,182,369
1432,14,183,368
1433,14,184,368
1434,14,185,367
1435,14,186,366
1436,14,187,365
1437,14,188,364
1438,14,189,363
1439,14,190,362
1440,14,191,362
1441,14,192,361
1442,14,193,360
1443,14,194,359
1444,14,195,358
1445,14,196,358
1446,14,197,357
1447,14,198,356
1448,14,199,355
1449,14,200,355
1450,14,201,354
1451,14,202,353
1452,14,203,353
1453,14,204,351
1454,14,205,350
1455,14,206,350
1456,14,207,349
1457,14,208,349
1458,14,209,347
1459,14,210,347
1460,14,211,346
1461,14,212,345
1462,14,213,344
1463,14,214,343
1464,14,215,343
1465,14,216,342
1466,14,217,341
1467,14,218,340
1468,14,219,340
1469,14,220,339
1470,14,221,339
1471,14,222,337
1472,14,223,336
1473,14,224,336
1474,14,225,335
1475,14,226,334
1476,14,227,333
1477,14,228,332
1478,14,229,332
1479,14,230,331
1480,14,231,330
1481,14,232,329
1482,14,233,329
1483,14,234,328
1484,14,235,327
1485,14,236,327
1486,14,237,326
1487,14,238,325
1488,14,239,324
1489,14,240,323
1490,14,241,323
1491,14,242,322
1492,14,243,321
1493,14,244,320
1494,14,245,320
1495,14,246,319
1496,14,247,318
1497,14,248,318
1498,14,249,317
1499,14,250,316
1500,14,251,315
1501,14,252,315
1502,14,253,314
1503,14,254,313
1504,14,255,313
1505,14,256,312
1506,14,257,311
1507,14,258,310
1508,14,259,310
1509,14,260,310
1510,14,261,308
1511,14,262,307
1512,14,263,307
1513,14,264,306
1514,14,265,305
1515,14,266,305
1516,14,267,304
1517,14,268,304
1518,14,269,302
1519,14,270,302
1520,14,271,301
1521,14,272,300
1522,14,273,300
1523,14,274,299
1524,14,275,298
1525,14,276,298
1526,14,277,297
1527,14,278,297
1528,14,279,295
1529,14,280,295
1530,14,281,294
1531,14,282,294
1532,14,283,293
1533,14,284,292
1534,14,285,291
1535,14,286,291
1536,14,287,291
1537,14,288,290
1538,14,289,289
1539,14,290,288
1540,14,291,288
1541,14,292,287
1542,14,293,287
1543,14,294,286
1544,14,295,285
1545,14,296,285
1546,14,297,284
1547,14,298,283
1548,14,299,283
1549,14,300,282
1550,14,301,281
1551,14,302,281
1552,14,303,280
1553,14,304,280
1554,14,305,279
1555,14,306,278
1556,14,307,278
1557,14,308,277
1558,14,309,276
1559,14,310,276
1560,14,311,276
1561,14,312,274
1562,14,313,274
1563,14,314,273
1564,14,315,272
1565,14,316,272
1566,14,317,271
1567,14,318,271
1568,14,319,270
1569,14,320,270
1570,14,321,269
1571,14,322,268
1572,14,323,268
1573,14,324,267
1574,14,325,266
1575,14,326,266
1576,14,327,266
1577,14,328,265
1578,14,329,264
1579,14,330,264
1580,14,331,263
1581,14,332,262
1582,14,333,261
1583,14,334,261
1584,14,335,260
1585,14,336,259
1586,14,337,258
1587,14,338,258
1588,14,339,257
1589,14,340,257
1590,14,341,256
1591,14,342,255
1592,14,343,255
1593,14,344,254
1594,14,345,254
1595,14,346,253
1596,14,347,253
1597,14,348,253
1598,14,349,252
1599,14,350,251
1600,14,351,250
1601,14,352,250
1602,14,353,249
1603,14,354,249
1604,14,355,249
1605,14,356,248
1606,14,357,247
1607,14,358,246
1608,14,359,246
1609,14,360,245
1610,14,361,245
1611,14,362,244
1612,14,363,244
1613,14,364,243
1614,14,365,242
1615,14,366,243
1616,14,367,243
1617,14,368,241
1618,14,369,242
1619,14,370,240
1620,14,371,242
1621,14,372,239
1622,14,373,238
1623,14,374,239
1624,14,375,238
1625,14,376,237
1626,14,377,236
1627,14,378,237
1628,14,379,235
1629,14,380,236
1630,14,381,234
1631,14,382,235
1632,14,383,233
1633,14,384,234
1634,14,385,232
1635,14,386,233
1636,14,387,231
1637,14,388,230
1638,14,389,230
1639,14,390,230
1640,14,391,230
1641,14,392,228
1642,14,393,229
1643,14,394,227
1644,14,395,228
1645,14,396,226
1646,14,397,226
1647,14,398,225
1648,14,399,225
1649,14,400,224
1650,19,1,674
1651,19,2,674
1652,19,3,674
1653,19,4,674
1654,19,5,673
1655,19,6,673
1656,19,7,672
1657,19,8,671
1658,19,9,670
1659,19,10,670
1660,19,11,669
1661,19,12,668
1662,19,13,668
1663,19,14,667
1664,19,15,667
1665,19,16,666
1666,19,17,665
1667,19,18,665
1668,19,19,664
1669,19,20,663
1670,19,21,662
1671,19,22,662
1672,19,23,661
1673,19,24,660
1674,19,25,659
1675,19,26,658
1676,19,27,657
1677,19,28,656
1678,19,29,655
1679,19,30,654
1680,19,31,652
1681,19,32,651
1682,19,33,649
1683,19,34,647
1684,19,35,645
1685,19,36,642
1686,19,37,640
1687,19,38,637
1688,19,39,640
1689,19,40,637
1690,19,41,635
1691,19,42,633
1692,19,43,624
1693,19,44,631
1694,19,45,618
1695,19,46,617
1696,19,47,614
1697,19,48,612
1698,19,49,611
1699,19,50,609
1700,19,51,607
1701,19,52,604
1702,19,53,603
1703,19,54,600
1704,19,55,599
1705,19,56,597
1706,19,57,595
1707,19,58,593
1708,19,59,591
1709,19,60,589
1710,19,61,588
1711,19,62,586
1712,19,63,584
1713,19,64,582
1714,19,65,581
1715,19,66,580
1716,19,67,578
1717,19,68,578
1718,19,69,575
1719,19,70,574
1720,19,71,572
1721,19,72,571
1722,19,73,569
1723,19,74,569
1724,19,75,567
1725,19,76,565
1726,19,77,565
1727,19,78,563
1728,19,79,562
1729,19,80,561
1730,19,81,559
1731,19,82,558
1732,19,83,556
1733,19,84,556
1734,19,85,554
1735,19,86,555
1736,19,87,552
1737,19,88,551
1738,19,89,549
1739,19,90,548
1740,19,91,547
1741,19,92,546
1742,19,93,546
1743,19,94,545
1744,19,95,544
1745,19,96,541
1746,19,97,540
1747,19,98,540
1748,19,99,536
1749,19,100,536
1750,19,101,537
1751,19,102,533
1752,19,103,533
1753,19,104,532
1754,19,105,530
1755,19,106,530
1756,19,107,530
1757,19,108,528
1758,19,109,529
1759,19,110,527
1760,19,111,525
1761,19,112,525
1762,19,113,522
1763,19,114,522
1764,19,115,522
1765,19,116,521
1766,19,117,520
1767,19,118,520
1768,19,119,517
1769,19,120,515
1770,19,121,515
1771,19,122,512
1772,19,123,512
1773,19,124,512
1774,19,125,511
1775,19,126,510
1776,19,127,509
1777,19,128,508
1778,19,129,514
1779,19,130,508
1780,19,131,512
1781,19,132,511
1782,19,133,511
1783,19,134,510
1784,19,135,509
1785,19,136,504
1786,19,137,507
1787,19,138,509
1788,19,139,502
1789,19,140,505
1790,19,141,503
1791,19,142,503
1792,19,143,503
1793,19,144,493
1794,19,145,493
1795,19,146,500
1796,19,147,492
1797,19,148,493
1798,19,149,498
1799,19,150,498
1800,19,151,497
1801,19,152,492
1802,19,153,495
1803,19,154,495
1804,19,155,495
1805,19,156,493
1806,19,157,494
1807,19,158,494
1808,19,159,493
1809,19,160,490
1810,19,161,490
1811,19,162,491
1812,19,163,490
1813,19,164,489
1814,19,165,488
1815,19,166,488
1816,19,167,485
1817,19,168,475
1818,19,169,483
1819,19,170,477
1820,19,171,473
1821,19,172,472
1822,19,173,472
1823,19,174,471
1824,19,175,471
1825,19,176,467
1826,19,177,466
1827,19,178,466
1828,19,179,465
1829,19,180,464
1830,19,181,464
1831,19,182,463
1832,19,183,462
1833,19,184,462
1834,19,185,461
1835,19,186,460
1836,19,187,459
1837,19,188,458
1838,19,189,458
1839,19,190,457
1840,19,191,456
1841,19,192,455
1842,19,193,455
1843,19,194,454
1844,19,195,453
1845,19,196,453
1846,19,197,452
1847,19,198,451
1848,19,199,450
1849,19,200,450
1850,19,201,449
1851,19,202,449
1852,19,203,448
1853,19,204,447
1854,19,205,447
1855,19,206,446
1856,19,207,445
1857,19,208,445
1858,19,209,445
1859,19,210,443
1860,19,211,443
1861,19,212,442
1862,19,213,441
1863,19,214,441
1864,19,215,439
1865,19,216,439
1866,19,217,439
1867,19,218,439
1868,19,219,437
1869,19,220,437
1870,19,221,437
1871,19,222,435
1872,19,223,435
1873,19,224,434
1874,19,225,433
1875,19,226,432
1876,19,227,432
1877,19,228,432
1878,19,229,430
1879,19,230,431
1880,19,231,430
1881,19,232,429
1882,19,233,429
1883,19,234,428
1884,19,235,427
1885,19,236,427
1886,19,237,426
1887,19,238,426
1888,19,239,425
1889,19,240,425
1890,19,241,424
1891,19,242,424
1892,19,243,423
1893,19,244,422
1894,19,245,422
1895,19,246,421
1896,19,247,421
1897,19,248,420
1898,19,249,420
1899,19,250,419
1900,19,251,419
1901,19,252,418
1902,19,253,417
1903,19,254,417
1904,19,255,416
1905,19,256,416
1906,19,257,415
1907,19,258,415
1908,19,259,414
1909,19,260,413
1910,19,261,413
1911,19,262,413
1912,19,263,411
1913,19,264,411
1914,19,265,411
1915,19,266,425
1916,19,267,410
1917,19,268,409
1918,19,269,409
1919,19,270,409
1920,19,271,423
1921,19,272,408
1922,19,273,422
1923,19,274,407
1924,19,275,404
1925,19,276,406
1926,19,277,403
1927,19,278,404
1928,19,279,402
1929,19,280,403
1930,19,281,401
1931,19,282,400
1932,19,283,400
1933,19,284,399
1934,19,285,401
1935,19,286,399
1936,19,287,398
1937,19,288,397
1938,19,289,398
1939,19,290,398
1940,19,291,396
1941,19,292,396
1942,19,293,396
1943,19,294,397
1944,19,295,395
1945,19,296,395
1946,19,297,395
1947,19,298,394
1948,19,299,394
1949,19,300,393
1950,19,301,392
1951,19,302,392
1952,19,303,391
1953,19,304,391
1954,19,305,390
1955,19,306,390
1956,19,307,389
1957,19,308,389
1958,19,309,389
1959,19,310,388
1960,19,311,387
1961,19,312,387
1962,19,313,386
1963,19,314,386
1964,19,315,385
1965,19,316,385
1966,19,317,384
1967,19,318,383
1968,19,319,383
1969,19,320,383
1970,19,321,382
1971,19,322,381
1972,19,323,381
1973,19,324,380
1974,19,325,380
1975,19,326,379
1976,19,327,379
1977,19,328,379
1978,19,329,378
1979,19,330,378
1980,19,331,378
1981,19,332,377
1982,25,1,654
1983,25,2,653
1984,25,3,653
1985,25,4,654
1986,25,5,653
1987,25,6,653
1988,25,7,651
1989,25,8,651
1990,25,9,652
1991,25,10,651
1992,25,11,650
1993,25,12,650
1994,25,13,649
1995,25,14,648
1996,25,15,646
1997,25,16,648
1998,25,17,644
1999,25,18,643
2000,25,19,642
2001,25,20,641
2002,25,21,638
2003,25,22,636
2004,25,23,635
2005,25,24,633
2006,25,25,631
2007,25,26,630
2008,25,27,629
2009,25,28,627
2010,25,29,629
2011,25,30,636
2012,25,31,633
2013,25,32,632
2014,25,33,632
2015,25,34,630
2016,25,35,627
2017,25,36,626
2018,25,37,623
2019,25,38,621
2020,25,39,627
2021,25,40,625
2022,25,41,622
2023,25,42,622
2024,25,43,620
2025,25,44,613
2026,25,45,616
2027,25,46,615
2028,25,47,612
2029,25,48,612
2030,25,49,609
2031,25,50,608
2032,25,51,607
2033,25,52,605
2034,25,53,603
2035,25,54,601
2036,25,55,600
2037,25,56,600
2038,25,57,598
2039,25,58,597
2040,25,59,595
2041,25,60,594
2042,25,61,592
2043,25,62,591
2044,25,63,589
2045,25,64,587
2046,25,65,586
2047,25,66,585
2048,25,67,584
2049,25,68,582
2050,25,69,581
2051,25,70,580
2052,25,71,578
2053,25,72,577
2054,25,73,576
2055,25,74,575
2056,25,75,574
2057,25,76,573
2058,25,77,572
2059,25,78,570
2060,25,79,569
2061,25,80,568
2062,25,81,568
2063,25,82,565
2064,25,83,565
2065,25,84,565
2066,25,85,562
2067,25,86,561
2068,25,87,560
2069,25,88,559
2070,25,89,558
2071,25,90,557
2072,25,91,556
2073,25,92,555
2074,25,93,553
2075,25,94,553
2076,25,95,552
2077,25,96,551
2078,25,97,550
2079,25,98,549
2080,25,99,548
2081,25,100,547
2082,25,101,546
2083,25,102,545
2084,25,103,544
2085,25,104,543
2086,25,105,542
2087,25,106,541
2088,25,107,582
2089,25,108,539
2090,25,109,582
2091,25,110,581
2092,25,111,580
2093,25,112,580
2094,25,113,580
2095,25,114,579
2096,25,115,578
2097,25,116,578
2098,25,117,578
2099,25,118,577
2100,25,119,577
2101,25,120,576
2102,25,121,575
2103,25,122,575
2104,25,123,575
2105,25,124,575
2106,25,125,573
2107,25,126,573
2108,25,127,573
2109,25,128,572
2110,25,129,572
2111,25,130,571
2112,25,131,571
2113,25,132,571
2114,25,133,570
2115,25,134,570
2116,25,135,569
2117,25,136,569
2118,25,137,569
2119,25,138,568
2120,25,139,568
2121,25,140,567
2122,25,141,567
2123,25,142,566
2124,25,143,566
2125,25,144,565
2126,25,145,565
2127,25,146,565
2128,25,147,564
2129,25,148,563
2130,25,149,563
2131,25,150,562
2132,25,151,562
2133,25,152,562
2134,25,153,561
2135,25,154,561
2136,25,155,561
2137,25,156,560
2138,25,157,559
2139,25,158,559
2140,25,159,558
2141,25,160,558
2142,25,161,557
2143,25,162,557
2144,25,163,556
2145,25,164,556
2146,25,165,555
2147,25,166,555
2148,25,167,555
2149,25,168,555
2150,25,169,554
2151,25,170,554
2152,25,171,553
2153,25,172,553
2154,25,173,553
2155,25,174,552
2156,25,175,552
2157,25,176,551
2158,25,177,551
2159,25,178,551
2160,25,179,550
2161,25,180,550
2162,25,181,549
2163,25,182,549
2164,25,183,549
2165,25,184,548
2166,25,185,548
2167,25,186,547
2168,25,187,547
2169,25,188,547
2170,25,189,546
2171,25,190,546
2172,25,191,545
2173,25,192,545
2174,25,193,545
2175,25,194,544
2176,25,195,544
2177,25,196,543
2178,25,197,543
2179,25,198,543
2180,25,199,542
2181,25,200,542
2182,25,201,541
2183,25,202,541
2184,25,203,541
2185,25,204,540
2186,25,205,540
2187,25,206,540
2188,25,207,539
2189,25,208,539
2190,25,209,539
2191,25,210,538
2192,25,211,538
2193,25,212,537
2194,25,213,537
2195,25,214,536
2196,25,215,537
2197,25,216,536
2198,25,217,536
2199,25,218,535
2200,25,219,535
2201,25,220,534
2202,25,221,535
2203,25,222,534
2204,25,223,534
2205,25,224,534
2206,25,225,534
2207,25,226,533
2208,25,227,533
2209,25,228,533
2210,25,229,532
2211,25,230,532
2212,25,231,532
2213,25,232,530
2214,25,233,529
2215,25,234,530
2216,25,235,528
2217,25,236,527
2218,25,237,527
2219,25,238,527
2220,28,1,595
2221,28,2,595
2222,28,3,596
2223,28,4,596
2224,28,5,595
2225,28,6,596
2226,28,7,596
2227,28,8,595
2228,28,9,592
2229,28,10,592
2230,28,11,593
2231,28,12,592
2232,28,13,592
2233,28,14,590
2234,28,15,589
2235,28,16,589
2236,28,17,589
2237,28,18,588
2238,28,19,587
2239,28,20,587
2240,28,21,586
2241,28,22,585
2242,28,23,585
2243,28,24,585
2244,28,25,584
2245,28,26,584
2246,28,27,583
2247,28,28,582
2248,28,29,582
2249,28,30,581
2250,28,31,581
2251,28,32,580
2252,28,33,579
2253,28,34,579
2254,28,35,578
2255,28,36,577
2256,28,37,576
2257,28,38,576
2258,28,39,575
2259,28,40,574
2260,28,41,573
2261,28,42,572
2262,28,43,572
2263,28,44,570
2264,28,45,569
2265,28,46,569
2266,28,47,567
2267,28,48,567
2268,28,49,565
2269,28,50,564
2270,28,51,563
2271,28,52,562
2272,28,53,561
2273,28,54,559
2274,28,55,558
2275,28,56,557
2276,28,57,555
2277,28,58,554
2278,28,59,552
2279,28,60,551
2280,28,61,549
2281,28,62,547
2282,28,63,545
2283,28,64,543
2284,28,65,542
2285,28,66,539
2286,28,67,537
2287,28,68,536
2288,28,69,534
2289,28,70,532
2290,28,71,530
2291,28,72,528
2292,28,73,525
2293,28,74,524
2294,28,75,522
2295,28,76,520
2296,28,77,518
2297,28,78,516
2298,28,79,514
2299,28,80,512
2300,28,81,511
2301,28,82,509
2302,28,83,507
2303,28,84,505
2304,28,85,503
2305,28,86,501
2306,28,87,498
2307,28,88,497
2308,28,89,495
2309,28,90,493
2310,28,91,491
2311,28,92,489
2312,28,93,487
2313,28,94,485
2314,28,95,483
2315,28,96,482
2316,28,97,480
2317,28,98,478
2318,28,99,476
2319,28,100,475
2320,28,101,473
2321,28,102,471
2322,28,103,470
2323,28,104,468
2324,28,105,466
2325,28,106,465
2326,28,107,463
2327,28,108,461
2328,28,109,460
2329,28,110,458
2330,28,111,456
2331,28,112,455
2332,28,113,453
2333,28,114,451
2334,28,115,450
2335,28,116,448
2336,28,117,447
2337,28,118,445
2338,28,119,443
2339,28,120,442
2340,28,121,440
2341,28,122,439
2342,28,123,437
2343,28,124,436
2344,28,125,433
2345,28,126,431
2346,28,127,429
2347,28,128,427
2348,28,129,426
2349,28,130,423
2350,28,131,421
2351,28,132,420
2352,28,133,419
2353,28,134,417
2354,28,135,415
2355,28,136,414
2356,28,137,412
2357,28,138,411
2358,28,139,410
2359,28,140,408
2360,28,141,407
2361,28,142,406
2362,28,143,404
2363,28,144,403
2364,28,145,402
2365,28,146,400
2366,28,147,399
2367,28,148,397
2368,28,149,396
2369,28,150,394
2370,28,151,393
2371,28,152,392
2372,28,153,391
2373,28,154,389
2374,28,155,388
2375,28,156,387
2376,28,157,385
2377,28,158,384
2378,28,159,382
2379,28,160,382
2380,28,161,380
2381,28,162,379
2382,28,163,378
2383,28,164,377
2384,28,165,375
2385,28,166,375
2386,28,167,373
2387,28,168,372
2388,28,169,371
2389,28,170,370
2390,28,171,368
2391,28,172,367
2392,28,173,366
2393,28,174,365
2394,28,175,364
2395,28,176,363
2396,28,177,362
2397,28,178,361
2398,28,179,360
2399,28,180,359
2400,28,181,358
2401,28,182,357
2402,28,183,356
2403,28,184,355
2404,28,185,354
2405,28,186,353
2406,28,187,352
2407,28,188,351
2408,28,189,350
2409,28,190,349
2410,28,191,348
2411,28,192,347
2412,28,193,347
2413,28,194,346
2414,28,195,345
2415,28,196,344
2416,28,197,343
2417,28,198,342
2418,28,199,342
2419,43,1,757
2420,43,2,757
2421,43,3,757
2422,43,4,757
2423,43,5,757
2424,43,6,757
2425,43,7,757
2426,43,8,757
2427,43,9,757
2428,43,10,757
2429,43,11,757
2430,43,12,757
2431,43,13,757
2432,43,14,757
2433,43,15,757
2434,43,16,757
2435,43,17,757
2436,43,18,757
2437,43,19,757
2438,43,20,757
2439,43,21,757
2440,43,22,757
2441,43,23,757
2442,43,24,757
2443,43,25,757
2444,43,26,757
2445,43,27,756
2446,43,28,756
2447,43,29,756
2448,43,30,756
2449,43,31,756
2450,43,32,756
2451,43,33,755
2452,43,34,755
2453,43,35,755
2454,43,36,755
2455,43,37,755
2456,43,38,755
2457,43,39,754
2458,43,40,754
2459,43,41,754
2460,43,42,754
2461,43,43,754
2462,43,44,753
2463,43,45,753
2464,43,46,753
2465,43,47,752
2466,43,48,752
2467,43,49,752
2468,43,50,752
2469,43,51,752
2470,43,52,751
2471,43,53,751
2472,43,54,749
2473,43,55,750
2474,43,56,747
2475,43,57,746
2476,43,58,745
2477,43,59,744
2478,43,60,741
2479,43,61,741
2480,43,62,739
2481,43,63,736
2482,43,64,735
2483,43,65,732
2484,43,66,728
2485,43,67,725
2486,43,68,722
2487,43,69,718
2488,43,70,716
2489,43,71,712
2490,43,72,709
2491,43,73,706
2492,43,74,702
2493,43,75,697
2494,43,76,694
2495,43,77,692
2496,43,78,689
2497,43,79,687
2498,43,80,686
2499,43,81,683
2500,43,82,681
2501,43,83,679
2502,43,84,676
2503,43,85,675
2504,43,86,672
2505,43,87,671
2506,43,88,669
2507,43,89,667
2508,43,90,665
2509,43,91,663
2510,43,92,662
2511,43,93,660
2512,43,94,658
2513,43,95,656
2514,43,96,655
2515,43,97,653
2516,43,98,651
2517,43,99,650
2518,43,100,648
2519,43,101,646
2520,43,102,645
2521,43,103,643
2522,43,104,642
2523,43,105,640
2524,43,106,639
2525,43,107,637
2526,43,108,636
2527,43,109,635
2528,43,110,633
2529,43,111,632
2530,43,112,631
2531,43,113,629
2532,43,114,628
2533,43,115,626
2534,43,116,625
2535,43,117,624
2536,43,118,623
2537,43,119,621
2538,43,120,620
2539,43,121,619
2540,43,122,617
2541,43,123,616
2542,43,124,615
2543,43,125,614
2544,43,126,612
2545,43,127,611
2546,43,128,610
2547,43,129,609
2548,43,130,607
2549,43,131,606
2550,43,132,605
2551,43,133,604
2552,43,134,602
2553,43,135,601
2554,43,136,600
2555,43,137,599
2556,43,138,598
2557,43,139,597
2558,43,140,595
2559,43,141,594
2560,43,142,593
2561,43,143,592
2562,43,144,591
2563,43,145,590
2564,43,146,589
2565,43,147,588
2566,43,148,586
2567,43,149,585
2568,43,150,584
2569,43,151,583
2570,43,152,582
2571,43,153,581
2572,43,154,580
2573,43,155,579
2574,43,156,578
2575,43,157,577
2576,43,158,576
2577,43,159,575
2578,43,160,574
2579,43,161,572
2580,43,162,572
2581,43,163,571
2582,43,164,570
2583,43,165,569
2584,43,166,568
2585,43,167,567
2586,43,168,566
2587,43,169,565
2588,43,170,564
2589,43,171,563
2590,43,172,562
2591,43,173,561
2592,43,174,560
2593,43,175,559
2594,43,176,558
2595,43,177,557
2596,43,178,556
2597,43,179,555
2598,43,180,554
2599,43,181,553
2600,43,182,552
2601,43,183,551
2602,43,184,550
2603,43,185,549
2604,43,186,548
2605,43,187,547
2606,43,188,546
2607,43,189,545
2608,43,190,545
2609,43,191,544
2610,43,192,543
2611,43,193,542
2612,43,194,541
2613,43,195,540
2614,43,196,539
2615,43,197,538
2616,43,198,537
2617,43,199,537
2618,43,200,536
2619,43,201,535
2620,43,202,534
2621,43,203,533
2622,43,204,532
2623,43,205,531
2624,43,206,530
2625,43,207,529
2626,43,208,528
2627,43,209,527
2628,43,210,526
2629,43,211,525
2630,43,212,524
2631,43,213,523
2632,43,214,522
2633,43,215,521
2634,43,216,520
2635,43,217,520
2636,43,218,519
2637,43,219,518
2638,43,220,517
2639,43,221,516
2640,43,222,515
2641,43,223,514
2642,43,224,512
2643,43,225,512
2644,43,226,511
2645,43,227,510
2646,43,228,509
2647,43,229,508
2648,43,230,507
2649,43,231,506
2650,43,232,505
2651,43,233,505
2652,43,234,504
2653,43,235,503
2654,43,236,502
2655,43,237,501
2656,43,238,500
2657,43,239,499
2658,43,240,498
2659,43,241,497
2660,43,242,496
2661,43,243,495
2662,43,244,494
2663,43,245,493
2664,43,246,492
2665,43,247,491
2666,43,248,490
2667,43,249,490
2668,43,250,490
2669,43,251,488
2670,43,252,488
2671,43,253,487
2672,43,254,487
2673,43,255,486
2674,43,256,485
2675,43,257,491
2676,43,258,484
2677,43,259,483
2678,43,260,488
2679,43,261,488
2680,43,262,488
2681,43,263,485
2682,43,264,486
2683,43,265,486
2684,43,266,483
2685,43,267,483
2686,43,268,483
2687,43,269,483
2688,43,270,483
2689,43,271,480
2690,43,272,479
2691,43,273,480
2692,43,274,480
2693,43,275,479
2694,43,276,480
2695,43,277,476
2696,43,278,477
2697,43,279,476
2698,43,280,475
2699,43,281,475
2700,43,282,475
2701,43,283,473
2702,43,284,472
2703,43,285,472
2704,43,286,473
2705,43,287,470
2706,43,288,470
2707,43,289,470
2708,43,290,471
2709,43,291,468
2710,43,292,468
2711,43,293,468
2712,43,294,466
2713,43,295,466
2714,43,296,466
2715,43,297,464
2716,43,298,464
2717,43,299,464
2718,43,300,463
2719,43,301,461
2720,45,1,347
2721,45,2,347
2722,45,3,347
2723,45,4,346
2724,45,5,349
2725,45,6,349
2726,45,7,349
2727,45,8,349
2728,45,9,347
2729,45,10,347
2730,45,11,347
2731,45,12,347
2732,45,13,347
2733,45,14,349
2734,45,15,347
2735,45,16,349
2736,45,17,347
2737,45,18,347
2738,45,19,347
2739,45,20,347
2740,45,21,349
2741,45,22,349
2742,45,23,348
2743,45,24,348
2744,45,25,346
2745,45,26,348
2746,45,27,348
2747,45,28,348
2748,45,29,346
2749,45,30,348
2750,45,31,347
2751,45,32,347
2752,45,33,346
2753,45,34,345
2754,45,35,344
2755,45,36,343
2756,45,37,341
2757,45,38,340
2758,45,39,339
2759,45,40,336
2760,45,41,334
2761,45,42,332
2762,45,43,330
2763,45,44,328
2764,45,45,325
2765,45,46,326
2766,45,47,321
2767,45,48,320
2768,45,49,318
2769,45,50,315
2770,45,51,312
2771,45,52,311
2772,45,53,307
2773,45,54,305
2774,45,55,302
2775,45,56,300
2776,45,57,297
2777,45,58,295
2778,45,59,292
2779,45,60,290
2780,45,61,287
2781,45,62,285
2782,45,63,282
2783,45,64,280
2784,45,65,278
2785,45,66,276
2786,45,67,273
2787,45,68,271
2788,45,69,269
2789,45,70,267
2790,45,71,264
2791,45,72,262
2792,45,73,260
2793,45,74,259
2794,45,75,255
2795,45,76,253
2796,45,77,252
2797,45,78,250
2798,45,79,247
2799,45,80,246
2800,45,81,244
2801,45,82,242
2802,45,83,241
2803,45,84,239
2804,45,85,237
2805,45,86,237
2806,45,87,234
2807,45,88,232
2808,45,89,230
2809,45,90,231
2810,45,91,228
2811,45,92,226
2812,45,93,224
2813,45,94,222
2814,45,95,220
2815,45,96,218
2816,45,97,215
2817,45,98,213
2818,45,99,211
2819,45,100,210
2820,45,101,207
2821,45,102,203
2822,45,103,202
2823,45,104,200
2824,45,105,199
2825,45,106,197
2826,45,107,195
2827,45,108,194
2828,45,109,193
2829,45,110,191
2830,45,111,189
2831,45,112,187
2832,45,113,187
2833,45,114,184
2834,45,115,183
2835,45,116,181
2836,45,117,180
2837,45,118,178
2838,45,119,177
2839,45,120,175
2840,45,121,173
2841,45,122,172
2842,45,123,170
2843,45,124,169
2844,45,125,167
2845,45,126,165
2846,45,127,164
2847,45,128,162
2848,45,129,161
2849,45,130,160
2850,45,131,159
2851,45,132,158
2852,45,133,156
2853,45,134,155
2854,45,135,154
2855,45,136,153
2856,45,137,151
2857,45,138,150
2858,45,139,149
2859,45,140,148
2860,45,141,147
2861,45,142,146
2862,45,143,144
2863,45,144,143
2864,45,145,142
2865,45,146,141
2866,45,147,140
2867,45,148,138
2868,45,149,137
2869,45,150,136
2870,45,151,135
2871,45,152,134
2872,45,153,133
2873,45,154,132
2874,45,155,127
2875,45,156,126
2876,45,157,125
2877,45,158,124
2878,45,159,123
2879,45,160,122
2880,45,161,121
2881,45,162,119
2882,45,163,118
2883,45,164,118
2884,45,165,117
2885,45,166,116
2886,45,167,115
2887,45,168,113
2888,45,169,112
2889,45,170,111
2890,45,171,111
2891,45,172,110
2892,45,173,109
2893,45,174,108
2894,45,175,107
2895,45,176,106
2896,45,177,105
2897,45,178,104
2898,45,179,103
2899,45,180,102
2900,45,181,101
2901,45,182,100
2902,45,183,99
2903,45,184,99
2904,45,185,98
2905,45,186,97
2906,45,187,96
2907,45,188,95
2908,45,189,94
2909,45,190,94
2910,45,191,92
2911,45,192,91
2912,45,193,90
2913,45,194,89
2914,45,195,88
2915,45,196,87
2916,45,197,86
2917,45,198,86
2918,45,199,87
2919,45,200,87
2920,45,201,87
2921,45,202,88
2922,45,203,88
2923,45,204,88
2924,45,205,88
2925,45,206,87
2926,45,207,87
2927,45,208,96
2928,45,209,97
2929,45,210,97
2930,45,211,97
2931,45,212,97
2932,45,213,98
2933,45,214,98
2934,45,215,98
2935,45,216,98
2936,45,217,98
2937,45,218,98
2938,45,219,97
2939,45,220,98
2940,45,221,98
2941,45,222,98
2942,45,223,98
2943,45,224,99
2944,45,225,99
2945,45,226,99
2946,45,227,99
2947,45,228,99
2948,45,229,99
2949,45,230,99
2950,45,231,99
2951,45,232,99
2952,45,233,100
2953,45,234,100
2954,45,235,100
2955,45,236,100
2956,45,237,101
2957,45,238,101
2958,45,239,100
2959,45,240,101
2960,45,241,101
2961,45,242,101
2962,45,243,101
2963,45,244,101
2964,45,245,101
2965,45,246,101
2966,45,247,101
2967,45,248,101
2968,45,249,100
2969,45,250,101
2970,45,251,101
2971,45,252,101
2972,45,253,101
2973,45,254,101
2974,45,255,102
2975,45,256,102
2976,45,257,102
2977,45,258,102
2978,45,259,103
2979,45,260,103
2980,45,261,104
2981,45,262,104
2982,45,263,105
2983,45,264,105
2984,45,265,105
2985,45,266,105
2986,45,267,105
2987,45,268,106
2988,45,269,108
2989,45,270,106
2990,45,271,107
2991,45,272,107
2992,45,273,108
2993,45,274,108
2994,45,275,108
2995,45,276,108
2996,45,277,107
2997,45,278,107
2998,45,279,107
2999,45,280,108
3000,45,281,107
3001,45,282,108
3002,47,1,598
3003,47,2,598
3004,47,3,598
3005,47,4,598
3006,47,5,598
3007,47,6,598
3008,47,7,598
3009,47,8,598
3010,47,9,598
3011,47,10,598
3012,47,11,598
3013,47,12,598
3014,47,13,598
3015,47,14,597
3016,47,15,598
3017,47,16,598
3018,47,17,598
3019,47,18,598
3020,47,19,598
3021,47,20,598
3022,47,21,598
3023,47,22,598
3024,47,23,593
3025,47,24,594
3026,47,25,594
3027,47,26,598
3028,47,27,598
3029,47,28,594
3030,47,29,594
3031,47,30,594
3032,47,31,594
3033,47,32,594
3034,47,33,594
3035,47,34,594
3036,47,35,594
3037,47,36,593
3038,47,37,594
3039,47,38,597
3040,47,39,597
3041,47,40,593
3042,47,41,592
3043,47,42,593
3044,47,43,594
3045,47,44,593
3046,47,45,593
3047,47,46,592
3048,47,47,592
3049,47,48,592
3050,47,49,593
3051,47,50,593
3052,47,51,593
3053,47,52,592
3054,47,53,592
3055,47,54,592
3056,47,55,591
3057,47,56,592
3058,47,57,625
3059,47,58,622
3060,47,59,621
3061,47,60,620
3062,47,61,619
3063,47,62,620
3064,47,63,616
3065,47,64,614
3066,47,65,612
3067,47,66,609
3068,47,67,605
3069,47,68,602
3070,47,69,595
3071,47,70,590
3072,47,71,584
3073,47,72,579
3074,47,73,575
3075,47,74,571
3076,47,75,567
3077,47,76,564
3078,47,77,561
3079,47,78,558
3080,47,79,556
3081,47,80,553
3082,47,81,551
3083,47,82,549
3084,47,83,546
3085,47,84,544
3086,47,85,542
3087,47,86,540
3088,47,87,538
3089,47,88,535
3090,47,89,533
3091,47,90,533
3092,47,91,529
3093,47,92,529
3094,47,93,526
3095,47,94,526
3096,47,95,525
3097,47,96,523
3098,47,97,519
3099,47,98,520
3100,47,99,518
3101,47,100,515
3102,47,101,513
3103,47,102,511
3104,47,103,510
3105,47,104,508
3106,47,105,501
3107,47,106,499
3108,47,107,500
3109,47,108,496
3110,47,109,495
3111,47,110,494
3112,47,111,492
3113,47,112,491
3114,47,113,490
3115,47,114,488
3116,47,115,487
3117,47,116,486
3118,47,117,485
3119,47,118,484
3120,47,119,483
3121,47,120,481
3122,47,121,479
3123,47,122,478
3124,47,123,477
3125,47,124,476
3126,47,125,475
3127,47,126,473
3128,47,127,472
3129,47,128,471
3130,47,129,470
3131,47,130,469
3132,47,131,468
3133,47,132,467
3134,47,133,466
3135,47,134,464
3136,47,135,463
3137,47,136,462
3138,47,137,460
3139,47,138,459
3140,47,139,458
3141,47,140,457
3142,47,141,456
3143,47,142,455
3144,47,143,454
3145,47,144,453
3146,47,145,452
3147,47,146,450
3148,47,147,449
3149,47,148,449
3150,47,149,448
3151,47,150,446
3152,47,151,446
3153,47,152,445
3154,47,153,444
3155,47,154,443
3156,47,155,442
3157,47,156,441
3158,47,157,440
3159,47,158,439
3160,47,159,438
3161,47,160,437
3162,47,161,436
3163,47,162,435
3164,47,163,434
3165,47,164,433
3166,47,165,432
3167,47,166,431
3168,47,167,430
3169,47,168,429
3170,47,169,428
3171,47,170,427
3172,47,171,427
3173,47,172,426
3174,47,173,425
3175,47,174,424
3176,47,175,423
3177,47,176,422
3178,47,177,421
3179,47,178,420
3180,47,179,419
3181,47,180,419
3182,47,181,417
3183,47,182,416
3184,47,183,416
3185,47,184,415
3186,47,185,414
3187,47,186,413
3188,47,187,412
3189,47,188,411
3190,47,189,410
3191,47,190,409
3192,47,191,408
3193,47,192,407
3194,47,193,406
3195,47,194,405
3196,47,195,405
3197,47,196,404
3198,47,197,403
3199,47,198,402
3200,47,199,401
3201,47,200,400
3202,47,201,400
3203,47,202,399
3204,47,203,398
3205,47,204,398
3206,47,205,397
3207,47,206,396
3208,47,207,395
3209,47,208,394
3210,47,209,394
3211,47,210,393
3212,47,211,392
3213,47,212,391
3214,47,213,391
3215,47,214,390
3216,47,215,389
3217,47,216,388
3218,47,217,388
3219,47,218,387
3220,47,219,386
3221,47,220,386
3222,47,221,385
3223,47,222,384
3224,47,223,383
3225,47,224,382
3226,47,225,382
3227,47,226,381
3228,47,227,380
3229,47,228,380
3230,47,229,379
3231,47,230,378
3232,47,231,377
3233,47,232,377
3234,47,233,376
3235,47,234,375
3236,47,235,374
3237,47,236,374
3238,47,237,373
3239,47,238,372
3240,47,239,372
3241,47,240,371
3242,47,241,370
3243,47,242,369
3244,47,243,369
3245,47,244,368
3246,47,245,367
3247,47,246,367
3248,47,247,366
3249,47,248,365
3250,47,249,365
3251,47,250,364
3252,47,251,363
3253,47,252,363
