,股票简称,昨首停,昨收,前连板,昨封单,昨开,交易日,昨竞一,selected,1_c_chg,2_c_chg,3_c_chg,4_c_chg,5_c_chg
003035.SZ,南网能源,2021-02-02 09:30:00,10.08403361,10,126353729.0,10.084033613445387,20210202,True,False,9.9237,10.0694,9.9369,6.1693,10.0
003036.SZ,泰坦股份,2021-02-02 09:30:00,10.03009027,3,8684277.0,10.030090270812437,20210202,True,False,10.0273,10.0249,10.0151,-9.9932,-3.9544
603843.SH,正平股份,2021-02-02 09:30:00,9.97624703,2,8914975.0,9.976247030878858,20210202,True,False,-9.9352,-9.8321,1.8617,-4.6997,-0.5479
605055.SH,迎丰股份,2021-02-02 09:30:00,9.96068152,2,5597641.0,9.960681520314557,20210202,True,False,10.0119,9.9675,-9.9507,-5.9081,-3.7209
002256.SZ,兆新股份,2021-02-02 09:30:45,4.86111111,3,10457296.0,4.1666666666666705,20210202,False,True,-5.298,4.8951,5.3333,-1.2658,-4.4872
002360.SZ,同德化工,2021-02-02 09:33:00,9.98877666,2,5225147.0,6.397306397306401,20210202,False,False,1.9388,10.01,-10.0091,-4.1456,2.5316
603016.SH,新宏泰,2021-02-02 09:35:30,10.01602564,3,1743421.0,2.3637820512820507,20210202,False,False,-9.3227,3.6546,3.332,-1.6123,0.0762
000890.SZ,法尔胜,2021-02-02 14:00:06,4.96277916,2,700398.0,-0.24813895781639392,20210202,False,False,4.9645,4.955,4.9356,4.908,5.0682
605155.SH,西大门,2021-02-02 14:53:52,9.9937539,2,213450.0,2.6858213616489675,20210202,False,False,-0.7666,-9.9857,-10.0127,-9.9965,0.2747
003035.SZ,南网能源,2021-02-03 09:30:00,9.92366412,11,94390437.0,9.923664122137396,20210203,True,False,10.0694,9.9369,6.1693,10.0,-9.9509
002256.SZ,兆新股份,2021-02-03 09:30:00,-5.29801325,4,,5.298013245033117,20210203,True,False,4.8951,5.3333,-1.2658,-4.4872,1.3423
003036.SZ,泰坦股份,2021-02-03 09:30:00,10.02734731,4,25399101.0,10.027347310847764,20210203,True,False,10.0249,10.0151,-9.9932,-3.9544,-9.9762
605055.SH,迎丰股份,2021-02-03 09:30:00,10.01191895,3,594608.0,10.011918951132298,20210203,True,False,9.9675,-9.9507,-5.9081,-3.7209,4.7101
600280.SH,中央商场,2021-02-03 09:30:00,0,2,,5.078124999999996,20210203,True,False,-1.9531,0.3984,1.1905,-1.1765,2.381
002445.SZ,中南文化,2021-02-03 09:31:00,0.55248619,2,,2.2099447513812174,20210203,False,True,-1.0989,2.2222,-1.087,-2.7473,1.6949
002360.SZ,同德化工,2021-02-03 09:31:15,1.93877551,3,,9.18367346938774,20210203,False,False,10.01,-10.0091,-4.1456,2.5316,-9.9794
600545.SH,卓郎智能,2021-02-03 09:32:00,-6.26780627,2,,2.5641025641025728,20210203,False,False,-10.0304,-1.0135,-2.7304,3.1579,0.6803
600702.SH,舍得酒业,2021-02-03 09:37:00,5.00563134,2,623726.0,2.6154423726692575,20210203,False,False,1.013,5.0024,-1.0337,-1.2262,-2.4368
000890.SZ,法尔胜,2021-02-03 10:02:00,4.96453901,3,123785.0,0.47281323877067544,20210203,False,False,4.955,4.9356,4.908,5.0682,-5.0093
601015.SH,陕西黑猫,2021-02-03 10:12:00,10.06711409,2,5798495.0,-5.77181208053692,20210203,False,False,10.0,-9.7561,9.9509,10.0559,-1.4213
002331.SZ,皖通科技,2021-02-03 13:06:12,10.00613874,2,437298.0,1.2891344383057144,20210203,False,False,3.7388,-10.0054,-9.9821,-10.0266,-9.9631
003000.SZ,劲仔食品,2021-02-03 14:51:11,9.98104864,2,247900.0,0.0,20210203,False,False,9.9943,-1.8277,-6.9149,2.8571,10.0
003035.SZ,南网能源,2021-02-04 09:30:00,10.06944444,12,72248483.0,10.069444444444446,20210204,True,False,9.9369,6.1693,10.0,-9.9509,-2.0464
003036.SZ,泰坦股份,2021-02-04 09:30:00,10.02485501,5,35680224.0,10.0248550124275,20210204,True,False,10.0151,-9.9932,-3.9544,-9.9762,-2.0229
002289.SZ,宇顺电子,2021-02-04 09:30:00,-0.25940337,3,,5.05836575875486,20210204,True,False,-4.9415,-5.0616,-5.0432,-3.1866,2.0376
600055.SH,万东医疗,2021-02-04 09:30:00,9.97328584,2,24650880.0,9.973285841495985,20210204,True,False,10.0405,2.4283,9.9856,-8.1646,-2.7027
600702.SH,舍得酒业,2021-02-04 09:32:00,1.01299011,3,,4.755094744368978,20210204,False,True,5.0024,-1.0337,-1.2262,-2.4368,-4.9953
002341.SZ,新纶新材,2021-02-04 09:33:00,-2.21606648,2,,3.3240997229916927,20210204,False,False,-9.915,-9.434,4.1667,10.0,2.1212
601015.SH,陕西黑猫,2021-02-04 09:33:45,10,3,7967735.0,5.609756097560987,20210204,False,False,-9.7561,9.9509,10.0559,-1.4213,9.9897
000572.SZ,海马汽车,2021-02-04 09:46:15,5.10948905,2,,2.189781021897796,20210204,False,False,-3.125,0.3584,0.3571,-1.4235,5.0542
605055.SH,迎丰股份,2021-02-04 09:50:00,9.96749729,4,2461591.0,-6.825568797399791,20210204,False,False,-9.9507,-5.9081,-3.7209,4.7101,10.0346
600166.SH,福田汽车,2021-02-04 10:05:17,5.68862275,2,,1.4970059880239601,20210204,False,False,-3.3994,0.0,9.9707,2.1333,5.483
003000.SZ,劲仔食品,2021-02-04 13:00:22,9.99425617,3,1396916.0,2.2400919012062066,20210204,False,False,-1.8277,-6.9149,2.8571,10.0,-10.0
000890.SZ,法尔胜,2021-02-04 14:08:52,4.95495495,4,1216300.0,0.4504504504504408,20210204,False,False,4.9356,4.908,5.0682,-5.0093,-5.0781
003036.SZ,泰坦股份,2021-02-05 09:30:00,10.01506024,6,27982140.0,10.015060240963855,20210205,True,False,-9.9932,-3.9544,-9.9762,-2.0229,2.4237
600055.SH,万东医疗,2021-02-05 09:30:00,10.04048583,3,18768000.0,10.040485829959517,20210205,True,False,2.4283,9.9856,-8.1646,-2.7027,-3.5088
003035.SZ,南网能源,2021-02-05 09:30:30,9.93690852,13,51116840.0,5.678233438485809,20210205,False,True,6.1693,10.0,-9.9509,-2.0464,-6.6852
003000.SZ,劲仔食品,2021-02-05 09:35:45,-1.82767624,4,,7.467362924281983,20210205,False,False,-6.9149,2.8571,10.0,-10.0,-9.6521
000890.SZ,法尔胜,2021-02-05 10:01:31,4.93562232,5,915600.0,1.9313304721030011,20210205,False,False,4.908,5.0682,-5.0093,-5.0781,-4.9383
600315.SH,上海家化,2021-02-05 14:10:20,8.22323462,2,,2.6423690205011474,20210205,False,False,3.494,0.183,4.4458,2.7794,-1.2859
000812.SZ,陕西金叶,2021-02-05 14:25:08,0.24509804,2,,1.715686274509811,20210205,False,False,-8.802,3.7534,-6.7183,4.9861,5.5409
003036.SZ,泰坦股份,2021-02-08 09:30:00,-9.99315537,7,,9.993155373032176,20210208,True,False,-3.9544,-9.9762,-2.0229,2.4237,-2.0158
000908.SZ,景峰医药,2021-02-08 09:30:00,9.92736077,2,2695980.0,9.927360774818405,20210208,True,False,-2.2026,-9.6847,5.7357,0.2358,0.2353
003037.SZ,三和管桩,2021-02-08 09:30:00,9.9901088,2,5752229.0,9.99010880316518,20210208,True,False,9.982,3.0253,10.0,-2.2367,4.6494
003035.SZ,南网能源,2021-02-08 09:30:30,6.16929699,14,,9.756097560975618,20210208,False,True,10.0,-9.9509,-2.0464,-6.6852,1.3433
000890.SZ,法尔胜,2021-02-08 09:32:45,4.90797546,6,4138598.0,4.703476482617596,20210208,False,False,5.0682,-5.0093,-5.0781,-4.9383,1.0823
002532.SZ,天山铝业,2021-02-08 09:58:45,9.95260664,2,4627160.0,0.11848341232227236,20210208,False,False,10.0216,-9.9902,10.0109,9.9901,9.982
000890.SZ,法尔胜,2021-02-09 09:30:00,5.06822612,7,2016469.0,,20210209,True,False,-5.0093,-5.0781,-4.9383,1.0823,-4.9251
003037.SZ,三和管桩,2021-02-09 09:30:00,9.98201439,3,8112829.0,,20210209,True,False,3.0253,10.0,-2.2367,4.6494,-6.6996
000711.SZ,京蓝科技,2021-02-09 09:30:00,10.24390244,2,23123117.0,,20210209,True,False,10.177,10.0402,9.854,9.9668,-9.9698
600916.SH,中国黄金,2021-02-09 09:30:00,9.98735777,2,27867330.0,,20210209,True,False,10.0,10.0313,9.9715,10.0173,9.9686
000892.SZ,欢瑞世纪,2021-02-09 09:30:30,9.88593156,2,13488099.0,,20210209,False,True,10.0346,8.805,-10.1156,1.6077,-9.4937
000428.SZ,华天酒店,2021-02-09 09:35:31,-0.34965035,2,,,20210209,False,False,-4.9123,-1.107,2.9851,-0.7246,-0.7299
002532.SZ,天山铝业,2021-02-09 09:38:31,10.02155172,3,4112220.0,,20210209,False,False,-9.9902,10.0109,9.9901,9.982,3.0253
000890.SZ,法尔胜,2021-02-10 09:30:00,-5.00927644,8,,5.009276437847875,20210210,True,False,-5.0781,-4.9383,1.0823,-4.9251,-3.1532
003037.SZ,三和管桩,2021-02-10 09:30:00,3.02534751,4,,9.975470155355673,20210210,True,False,10.0,-2.2367,4.6494,-6.6996,-5.6689
000711.SZ,京蓝科技,2021-02-10 09:30:00,10.17699115,3,16321498.0,10.176991150442499,20210210,True,False,10.0402,9.854,9.9668,-9.9698,-8.3893
600916.SH,中国黄金,2021-02-10 09:30:00,10,3,21236266.0,10.000000000000012,20210210,True,False,10.0313,9.9715,10.0173,9.9686,9.9929
600722.SH,金牛化工,2021-02-10 09:30:00,10.02132196,2,10885827.0,10.021321961620462,20210210,True,False,10.0775,10.0352,10.08,10.0291,-6.605
605337.SH,李子园,2021-02-10 09:30:00,10.01574803,2,2038180.0,10.015748031496063,20210210,True,False,9.9914,4.2166,-5.6943,-6.3824,-6.6478
600877.SH,声光电科,2021-02-10 09:31:15,4.5941807,2,,3.9816232771822326,20210210,False,True,-3.6603,1.0638,-3.3083,4.9767,2.0
000892.SZ,欢瑞世纪,2021-02-10 09:43:00,10.03460208,3,7491660.0,4.498269896193768,20210210,False,False,8.805,-10.1156,1.6077,-9.4937,-1.3986
000711.SZ,京蓝科技,2021-02-18 09:30:00,10.04016064,4,13305480.0,10.04016064257028,20210218,True,False,9.854,9.9668,-9.9698,-8.3893,-4.0293
000892.SZ,欢瑞世纪,2021-02-18 09:30:00,8.80503145,4,,10.062893081761,20210218,True,False,-10.1156,1.6077,-9.4937,-1.3986,-1.4184
600916.SH,中国黄金,2021-02-18 09:30:00,10.03134796,4,26916210.0,10.031347962382435,20210218,True,False,9.9715,10.0173,9.9686,9.9929,9.9935
600722.SH,金牛化工,2021-02-18 09:30:00,10.07751938,3,13108199.0,10.077519379844952,20210218,True,False,10.0352,10.08,10.0291,-6.605,-10.0424
605337.SH,李子园,2021-02-18 09:30:00,9.99141139,3,2285158.0,9.991411394217012,20210218,True,False,4.2166,-5.6943,-6.3824,-6.6478,-2.4545
002176.SZ,江特电机,2021-02-18 09:30:00,5.01858736,2,14977200.0,5.018587360594804,20210218,True,False,4.9558,4.2159,-5.0162,2.385,-0.4992
002378.SZ,章源钨业,2021-02-18 09:30:00,9.96503497,2,14620300.0,9.96503496503497,20210218,True,False,10.0159,9.5376,-8.7071,9.9711,-7.2273
600549.SH,厦门钨业,2021-02-18 09:30:00,8.64138262,2,,9.98559769563131,20210218,True,False,-1.4582,-2.4215,2.3897,-3.9048,-3.4563
603399.SH,吉翔股份,2021-02-18 09:30:00,9.89847716,2,7203100.0,9.89847715736041,20210218,True,False,9.9307,10.084,-3.8168,9.9206,9.9278
605077.SH,华康股份,2021-02-18 09:30:00,10.00122264,2,1605425.0,10.001222643354923,20210218,True,False,10.0033,10.003,10.0028,-7.4065,-7.1152
600392.SH,盛和资源,2021-02-18 09:30:30,10.00962464,2,5744166.0,10.009624639076026,20210218,False,True,8.4427,-3.1868,6.2083,-8.7485,-4.0843
000837.SZ,秦川机床,2021-02-18 09:31:30,3.84,2,,4.319999999999993,20210218,False,False,0.9245,0.458,0.6079,4.8338,-3.3141
600997.SH,开滦股份,2021-02-18 13:15:29,10.0536193,2,7043099.0,5.8981233243967885,20210218,False,False,2.1924,-6.0787,-4.4416,-2.7888,-0.8197
600916.SH,中国黄金,2021-02-19 09:30:00,9.97150997,5,20349497.0,9.97150997150998,20210219,True,False,10.0173,9.9686,9.9929,9.9935,10.0295
600722.SH,金牛化工,2021-02-19 09:30:00,10.03521127,4,10103749.0,10.03521126760564,20210219,True,False,10.08,10.0291,-6.605,-10.0424,5.3459
002176.SZ,江特电机,2021-02-19 09:30:00,4.95575221,3,4495400.0,4.955752212389369,20210219,True,False,4.2159,-5.0162,2.385,-0.4992,-5.0167
605077.SH,华康股份,2021-02-19 09:30:00,10.00333444,3,1311389.0,10.00333444481494,20210219,True,False,10.003,10.0028,-7.4065,-7.1152,-9.7087
000737.SZ,南风化工,2021-02-19 09:30:00,5.04385965,2,1996471.0,5.043859649122817,20210219,True,False,5.0104,4.9702,4.9242,5.0542,-3.7801
003038.SZ,鑫铂股份,2021-02-19 09:30:00,9.98603352,2,2233056.0,9.98603351955307,20210219,True,False,10.0,10.0144,9.9948,-0.6201,-10.0072
000711.SZ,京蓝科技,2021-02-19 09:30:15,9.8540146,5,10904295.0,9.854014598540129,20210219,False,True,9.9668,-9.9698,-8.3893,-4.0293,3.0534
002378.SZ,章源钨业,2021-02-19 09:32:00,10.01589825,3,5009977.0,6.200317965023843,20210219,False,False,9.5376,-8.7071,9.9711,-7.2273,-8.6402
605006.SH,山东玻纤,2021-02-19 09:37:30,10.041841,2,1509900.0,2.510460251046031,20210219,False,False,-1.4449,0.3086,-10.0,-0.2564,-3.0848
600066.SH,宇通客车,2021-02-19 09:55:46,10.0127551,2,2088559.0,2.040816326530614,20210219,False,False,-3.7101,-4.3949,-0.4408,-3.6686,-0.3283
603399.SH,吉翔股份,2021-02-19 13:38:57,9.93071594,3,340213.0,9.69976905311778,20210219,False,False,10.084,-3.8168,9.9206,9.9278,-2.1346
601168.SH,西部矿业,2021-02-19 14:56:07,9.375,2,,3.3052884615384657,20210219,False,False,0.989,-5.4951,-2.3604,-0.4127,-7.0456
000711.SZ,京蓝科技,2021-02-22 09:30:00,9.96677741,6,10788380.0,9.966777408637883,20210222,True,False,-9.9698,-8.3893,-4.0293,3.0534,0.7407
002109.SZ,兴化股份,2021-02-22 09:30:00,9.9009901,2,7788931.0,9.90099009900991,20210222,True,False,9.9099,10.041,-10.0559,-5.176,3.0568
000960.SZ,锡业股份,2021-02-22 09:30:00,10.01977587,2,40188038.0,10.019775873434419,20210222,True,False,5.4524,2.2727,-6.2222,-7.5829,2.0513
000949.SZ,新乡化纤,2021-02-22 09:30:00,10.12048193,2,17303602.0,10.120481927710841,20210222,True,False,10.0656,-5.7654,-5.0633,-5.3333,10.0939
600331.SH,宏达股份,2021-02-22 09:30:00,9.9009901,2,21323323.0,9.90099009900991,20210222,True,False,4.5045,-9.0517,-1.4218,-1.4423,2.439
002532.SZ,天山铝业,2021-02-22 09:30:00,9.98201439,2,12960590.0,9.982014388489219,20210222,True,False,3.0253,1.5873,-5.9375,-7.6412,2.518
000737.SZ,南风化工,2021-02-22 09:30:00,5.01043841,3,4327090.0,5.0104384133611735,20210222,True,False,4.9702,4.9242,5.0542,-3.7801,-0.8929
003038.SZ,鑫铂股份,2021-02-22 09:30:00,10,3,14711953.0,9.999999999999996,20210222,True,False,10.0144,9.9948,-0.6201,-10.0072,-6.6667
600722.SH,金牛化工,2021-02-22 09:30:00,10.08,5,19642331.0,10.079999999999998,20210222,True,False,10.0291,-6.605,-10.0424,5.3459,10.0
600916.SH,中国黄金,2021-02-22 09:30:00,10.01727116,6,20060039.0,10.017271157167531,20210222,True,False,9.9686,9.9929,9.9935,10.0295,-9.9732
605077.SH,华康股份,2021-02-22 09:30:00,10.00303122,4,696108.0,10.003031221582303,20210222,True,False,10.0028,-7.4065,-7.1152,-9.7087,3.2258
002591.SZ,恒大高新,2021-02-22 09:30:00,9.98116761,2,34551115.0,9.981167608286258,20210222,True,False,-4.7945,-6.6547,-3.2755,1.5936,0.7843
002378.SZ,章源钨业,2021-02-22 09:30:45,9.53757225,4,,8.381502890173412,20210222,False,True,-8.7071,9.9711,-7.2273,-8.6402,10.0775
000422.SZ,湖北宜化,2021-02-22 09:33:30,4.60122699,2,,1.840490797546014,20210222,False,False,4.9853,5.0279,5.0532,-5.0633,4.5333
002176.SZ,江特电机,2021-02-22 09:37:48,4.2158516,4,,1.1804384485666153,20210222,False,False,-5.0162,2.385,-0.4992,-5.0167,4.9296
600280.SH,中央商场,2021-02-22 09:39:11,-1.40350877,2,,1.7543859649122744,20210222,False,False,4.9822,3.0508,4.9342,0.627,2.1807
002092.SZ,中泰化学,2021-02-22 10:02:47,7.63765542,2,,8.969804618117227,20210222,False,False,1.5677,-9.9919,-4.1516,-0.3766,0.5671
603655.SH,朗博科技,2021-02-22 10:07:41,10.00558971,2,478622.0,0.6148686416992701,20210222,False,False,10.0102,7.5289,-3.6082,5.615,0.8439
603399.SH,吉翔股份,2021-02-22 10:49:23,10.08403361,4,1551498.0,-1.0504201680672232,20210222,False,False,-3.8168,9.9206,9.9278,-2.1346,
000408.SZ,藏格矿业,2021-02-22 13:04:59,2.63157895,2,,2.8508771929824737,20210222,False,False,-5.0214,-4.9494,4.9704,-4.9605,4.745
600916.SH,中国黄金,2021-02-23 09:30:00,9.96860283,7,24714665.0,9.968602825745679,20210223,True,False,9.9929,9.9935,10.0295,-9.9732,10.006
600722.SH,金牛化工,2021-02-23 09:30:00,10.02906977,6,3142956.0,10.029069767441866,20210223,True,False,-6.605,-10.0424,5.3459,10.0,-8.4125
000737.SZ,南风化工,2021-02-23 09:30:00,4.97017893,4,5930094.0,4.970178926441352,20210223,True,False,4.9242,5.0542,-3.7801,-0.8929,-5.045
003038.SZ,鑫铂股份,2021-02-23 09:30:00,10.01443001,4,13662207.0,10.014430014430012,20210223,True,False,9.9948,-0.6201,-10.0072,-6.6667,-9.5143
002591.SZ,恒大高新,2021-02-23 09:30:00,-4.79452055,3,,9.93150684931507,20210223,True,False,-6.6547,-3.2755,1.5936,0.7843,-3.3074
000683.SZ,远兴能源,2021-02-23 09:30:00,9.96309963,2,24047060.0,9.963099630996311,20210223,True,False,-3.6913,-7.6655,-4.1509,5.9055,-6.3197
600295.SH,鄂尔多斯,2021-02-23 09:30:00,10.00613874,2,6640583.0,10.00613873542052,20210223,True,False,2.0089,1.4223,2.1575,9.9789,6.7211
605077.SH,华康股份,2021-02-23 09:30:45,10.00275558,5,629947.0,5.630568568016897,20210223,False,True,-7.4065,-7.1152,-9.7087,3.2258,-6.4479
603188.SH,亚邦股份,2021-02-23 09:32:30,-0.18115942,2,,3.2608695652174027,20210223,False,False,-1.6334,-1.845,4.6992,-0.1795,-0.8993
002109.SZ,兴化股份,2021-02-23 09:34:15,9.90990991,3,10262850.0,0.2252252252252204,20210223,False,False,10.041,-10.0559,-5.176,3.0568,9.9576
603655.SH,朗博科技,2021-02-23 09:42:15,10.0101626,3,1259700.0,2.997967479674796,20210223,False,False,7.5289,-3.6082,5.615,0.8439,-8.4519
000949.SZ,新乡化纤,2021-02-23 13:12:21,10.06564551,3,3778600.0,0.0,20210223,False,False,-5.7654,-5.0633,-5.3333,10.0939,-9.3817
002532.SZ,天山铝业,2021-02-23 13:39:21,3.02534751,3,,2.207686017988549,20210223,False,False,1.5873,-5.9375,-7.6412,2.518,-7.8947
002998.SZ,优彩资源,2021-02-23 14:53:18,9.97605746,2,553442.0,3.8308060654429403,20210223,False,False,-10.0145,10.0,9.9707,10.0,-10.0
600916.SH,中国黄金,2021-02-24 09:30:00,9.99286224,8,48200671.0,9.992862241256248,20210224,True,False,9.9935,10.0295,-9.9732,10.006,-7.4174
000737.SZ,南风化工,2021-02-24 09:30:00,4.92424242,5,5832128.0,4.92424242424242,20210224,True,False,5.0542,-3.7801,-0.8929,-5.045,4.9336
003038.SZ,鑫铂股份,2021-02-24 09:30:00,9.99475341,5,10392127.0,9.994753410283323,20210224,True,False,-0.6201,-10.0072,-6.6667,-9.5143,1.042
603655.SH,朗博科技,2021-02-24 09:32:00,7.52886836,4,,9.468822170900696,20210224,False,True,-3.6082,5.615,0.8439,-8.4519,0.8227
600746.SH,江苏索普,2021-02-24 09:34:45,9.99213218,2,3131456.0,2.2816679779700952,20210224,False,False,-10.0143,-6.8362,4.3515,-6.9501,10.0176
002280.SZ,联络互动,2021-02-24 09:40:30,-1.2244898,2,,1.6326530612244912,20210224,False,False,-3.719,3.8627,4.9587,2.3622,-0.7692
002109.SZ,兴化股份,2021-02-24 09:48:46,10.04098361,4,2945599.0,0.0,20210224,False,False,-10.0559,-5.176,3.0568,9.9576,4.6243
601258.SH,庞大集团,2021-02-24 13:02:44,4.8,3,4241129.0,0.8000000000000007,20210224,False,False,-5.3435,4.8387,0.0,-3.8462,0.0
600916.SH,中国黄金,2021-02-25 09:30:00,9.99351071,9,48200070.0,9.993510707332895,20210225,True,False,10.0295,-9.9732,10.006,-7.4174,1.0526
000737.SZ,南风化工,2021-02-25 09:30:00,5.05415162,6,5398693.0,5.054151624548741,20210225,True,False,-3.7801,-0.8929,-5.045,4.9336,1.9892
003038.SZ,鑫铂股份,2021-02-25 09:30:00,-0.62008109,6,,9.99284521822084,20210225,True,False,-10.0072,-6.6667,-9.5143,1.042,-1.9688
600714.SH,金瑞矿业,2021-02-25 09:30:00,9.98463902,2,6186557.0,9.984639016897086,20210225,True,False,10.0559,10.0254,-9.4579,2.6752,4.4665
000422.SZ,湖北宜化,2021-02-25 09:32:00,5.05319149,2,4932087.0,3.4574468085106473,20210225,False,True,-5.0633,4.5333,-5.102,1.6129,-5.0265
601258.SH,庞大集团,2021-02-25 09:44:52,-5.34351145,4,,2.2900763358778646,20210225,False,False,4.8387,0.0,-3.8462,0.0,0.8
600696.SH,岩石股份,2021-02-25 13:44:58,4.98830865,2,117200.0,4.9103663289166075,20210225,False,False,3.5635,5.0179,4.9829,5.0065,-5.0155
600916.SH,中国黄金,2021-02-26 09:30:00,10.02949853,10,22030971.0,10.029498525073743,20210226,True,False,-9.9732,10.006,-7.4174,1.0526,-8.044
000056.SZ,皇庭国际,2021-02-26 09:30:00,10.03236246,2,63616500.0,10.032362459546928,20210226,True,False,-6.1765,-10.0313,-1.3937,-2.4735,0.7246
605133.SH,嵘泰股份,2021-02-26 09:30:00,9.99379268,2,17956147.0,9.993792675356918,20210226,True,False,-9.9887,-10.0,-4.3887,-7.0674,-1.4504
605268.SH,王力安防,2021-02-26 09:30:00,10.03058104,2,8947171.0,10.030581039755333,20210226,True,False,10.0056,-10.0051,-4.941,-9.4507,-2.805
000422.SZ,湖北宜化,2021-02-26 09:31:00,-5.06329114,3,,2.531645569620244,20210226,False,True,4.5333,-5.102,1.6129,-5.0265,-0.8357
600714.SH,金瑞矿业,2021-02-26 09:31:00,10.05586592,3,1218700.0,1.117318435754191,20210226,False,False,10.0254,-9.4579,2.6752,4.4665,-9.9762
603399.SH,吉翔股份,2021-02-26 10:02:30,-2.13464696,2,,-1.4778325123152687,20210226,False,False,,,,,
600696.SH,岩石股份,2021-02-26 10:25:30,3.56347439,3,,-1.855976243504083,20210226,False,False,5.0179,4.9829,5.0065,-5.0155,5.0196
002647.SZ,仁东控股,2021-02-26 11:21:00,10.02109705,2,4782200.0,-0.9493670886075934,20210226,False,False,9.9712,4.0976,9.9665,9.9772,9.9723
603222.SH,济民医疗,2021-02-26 14:10:25,9.96810207,2,982800.0,0.3189792663476948,20210226,False,False,10.0073,2.8345,3.141,7.8931,10.023
000056.SZ,皇庭国际,2021-03-01 09:30:00,-6.17647059,3,,10.000000000000009,20210301,True,False,-10.0313,-1.3937,-2.4735,0.7246,-1.4388
605268.SH,王力安防,2021-03-01 09:30:00,10.00555864,3,30035876.0,10.005558643690943,20210301,True,False,-10.0051,-4.941,-9.4507,-2.805,0.3356
600193.SH,创兴资源,2021-03-01 09:30:00,5.00863558,2,2050600.0,5.008635578583766,20210301,True,False,-3.6184,1.0239,-0.3378,-1.6949,-1.0345
600834.SH,申通地铁,2021-03-01 09:30:00,-4.17801998,2,,9.990917347865574,20210301,True,False,0.1896,-4.825,-2.3857,-4.7862,3.1016
002647.SZ,仁东控股,2021-03-01 09:45:44,9.97123682,3,11747500.0,5.369127516778528,20210301,False,True,4.0976,9.9665,9.9772,9.9723,10.0126
603222.SH,济民医疗,2021-03-01 10:05:01,10.00725163,3,3415700.0,0.6526468455402584,20210301,False,False,2.8345,3.141,7.8931,10.023,10.0
600714.SH,金瑞矿业,2021-03-01 10:40:38,10.02538071,4,1196046.0,-2.2842639593908594,20210301,False,False,-9.4579,2.6752,4.4665,-9.9762,-6.2005
002998.SZ,优彩资源,2021-03-01 14:48:59,10,2,373600.0,2.3999999999999964,20210301,False,False,-10.0,-8.0135,10.0293,-9.98,-7.9084
600193.SH,创兴资源,2021-03-02 09:30:00,-3.61842105,3,,4.934210526315787,20210302,True,False,1.0239,-0.3378,-1.6949,-1.0345,-0.8711
603126.SH,中材节能,2021-03-02 09:30:00,10.06006006,2,16962057.0,10.06006006006006,20210302,True,False,9.9591,10.0496,10.0338,10.041,-9.9628
603603.SH,博天环境,2021-03-02 09:30:00,9.94152047,2,1912200.0,9.941520467836254,20210302,True,False,3.1915,-1.7182,-8.7413,9.9617,-9.7561
601038.SH,一拖股份,2021-03-02 09:33:30,9.98217469,2,6352200.0,5.169340463458111,20210302,False,True,9.9676,10.0221,1.4735,3.5644,-10.0064
600980.SH,北矿科技,2021-03-02 09:35:30,-0.0547046,2,,3.9387308533916783,20210302,False,False,1.861,-4.8898,-3.6158,-3.9273,-5.5522
603126.SH,中材节能,2021-03-03 09:30:00,9.95907231,3,5230892.0,9.959072305593457,20210303,True,False,10.0496,10.0338,10.041,-9.9628,-4.5502
605298.SH,必得科技,2021-03-03 09:30:00,9.98815634,2,15735005.0,9.988156336360053,20210303,True,False,-8.0043,-9.9493,0.13,-5.3656,10.0137
002494.SZ,华斯股份,2021-03-03 09:30:15,10.02386635,2,29101548.0,8.353221957040564,20210303,False,True,-7.1584,2.8037,-10.0,-10.101,-3.3708
600696.SH,岩石股份,2021-03-03 09:31:15,5.00650195,2,541099.0,3.3159947984395304,20210303,False,False,-5.0155,5.0196,0.0621,5.0248,1.6539
601038.SH,一拖股份,2021-03-03 09:34:30,9.96758509,3,7409457.0,0.8914100486223617,20210303,False,False,10.0221,1.4735,3.5644,-10.0064,-8.4986
002378.SZ,章源钨业,2021-03-03 09:44:00,9.9871959,2,7352167.0,-1.280409731113952,20210303,False,False,10.0116,-3.7037,10.0,-9.99,-9.545
002847.SZ,盐津铺子,2021-03-03 15:00:00,10,2,29490.0,0.7067137809187254,20210303,False,False,-4.2323,-2.0881,-3.0319,-3.5506,0.7784
603126.SH,中材节能,2021-03-04 09:30:00,10.04962779,4,11851083.0,10.049627791563259,20210304,True,False,10.0338,10.041,-9.9628,-4.5502,9.9675
002658.SZ,雪迪龙,2021-03-04 09:32:00,9.98613037,2,7107157.0,2.0804438280166484,20210304,False,True,3.5309,-4.7503,-9.9744,-2.5568,4.6647
002665.SZ,首航高科,2021-03-04 09:32:15,-1.8018018,2,,4.504504504504488,20210304,False,False,-6.422,-1.9608,-6.5,4.2781,5.1282
600696.SH,岩石股份,2021-03-04 09:32:45,-5.01547988,3,,5.015479876161005,20210304,False,False,5.0196,0.0621,5.0248,1.6539,-1.2202
601038.SH,一拖股份,2021-03-04 09:38:45,10.02210759,4,7929483.0,3.168754605747971,20210304,False,False,1.4735,3.5644,-10.0064,-8.4986,1.7802
002378.SZ,章源钨业,2021-03-04 10:01:40,10.01164144,3,6626838.0,3.376018626309673,20210304,False,False,-3.7037,10.0,-9.99,-9.545,5.0307
300234.SZ,开尔新材,2021-03-04 14:13:44,20.04830918,2,2326268.0,4.83091787439614,20210304,False,False,-9.4567,1.5556,-10.5033,3.0562,20.0474
603126.SH,中材节能,2021-03-05 09:31:45,10.03382187,5,6729143.0,8.229988726042846,20210305,False,True,10.041,-9.9628,-4.5502,9.9675,10.0493
002658.SZ,雪迪龙,2021-03-05 09:55:30,3.53089533,3,,0.6305170239596559,20210305,False,False,-4.7503,-9.9744,-2.5568,4.6647,5.9889
002647.SZ,仁东控股,2021-03-05 09:56:15,9.97229917,2,4470500.0,4.9861495844875385,20210305,False,False,10.0126,,,,
601038.SH,一拖股份,2021-03-05 14:30:25,1.4735432,5,,2.8131279303415937,20210305,False,False,3.5644,-10.0064,-8.4986,1.7802,5.6274
002207.SZ,准油股份,2021-03-08 09:30:00,10,2,1739500.0,10.000000000000009,20210308,True,False,10.0267,-9.2345,-2.8112,8.1267,-8.9172
002554.SZ,惠博普,2021-03-08 09:30:00,10.16949153,2,44191069.0,10.169491525423723,20210308,True,False,-4.0,-9.9359,0.7117,1.0601,-6.993
603126.SH,中材节能,2021-03-08 09:45:17,10.04098361,6,6143650.0,4.50819672131147,20210308,False,True,-9.9628,-4.5502,9.9675,10.0493,0.0
002647.SZ,仁东控股,2021-03-08 13:25:38,10.01259446,3,5232743.0,-3.085642317380354,20210308,False,False,,,,,
600121.SH,郑州煤电,2021-03-08 13:45:40,10.05110733,2,8454120.0,4.940374787052812,20210308,False,False,10.0619,-2.391,-4.4669,9.9548,-9.7394
603098.SH,森特股份,2021-03-09 09:30:00,10.02592913,2,25666113.0,10.025929127052724,20210309,True,False,9.9764,10.0,-4.6753,-1.6349,9.9723
600169.SH,太原重工,2021-03-09 09:30:45,10.10452962,2,1771273.0,5.226480836236931,20210309,False,True,-10.1266,-3.8732,1.4652,-3.2491,3.7313
600121.SH,郑州煤电,2021-03-09 10:05:49,10.0619195,3,11590564.0,1.8575851393188871,20210309,False,False,-2.391,-4.4669,9.9548,-9.7394,-1.8237
002096.SZ,南岭民爆,2021-03-09 10:15:19,9.97782705,2,5470300.0,0.8869179600886926,20210309,False,False,-9.9798,-5.5991,2.847,-3.9216,3.2413
002207.SZ,准油股份,2021-03-09 13:07:19,10.02673797,3,2888500.0,-4.812834224598934,20210309,False,False,-9.2345,-2.8112,8.1267,-8.9172,1.8182
603098.SH,森特股份,2021-03-10 09:30:00,9.97643362,3,22380525.0,9.976433621366846,20210310,True,False,10.0,-4.6753,-1.6349,9.9723,-8.5013
002620.SZ,瑞和股份,2021-03-10 09:30:00,0.75757576,2,,10.000000000000004,20210310,True,False,-4.812,-1.7378,-0.9646,2.5974,-3.3228
003039.SZ,顺控发展,2021-03-10 09:30:00,10.02155172,2,6896668.0,10.021551724137947,20210310,True,False,9.9902,9.9733,10.0405,10.0074,10.0334
605208.SH,永茂泰,2021-03-10 09:30:00,9.98586905,2,2765870.0,9.98586905322657,20210310,True,False,10.0214,-8.4469,-9.9915,-1.7478,0.4327
002836.SZ,新宏泽,2021-03-10 09:30:30,2.75229358,2,,5.504587155963299,20210310,False,True,0.1786,5.1693,-10.0,-4.8964,-2.2772
002210.SZ,飞马国际,2021-03-10 09:31:15,5.11811024,2,6627484.0,2.362204724409451,20210310,False,False,-4.8689,4.7244,-1.5038,-1.9084,-0.7782
600744.SH,华银电力,2021-03-10 09:42:30,9.89010989,2,28509044.0,-3.2967032967032996,20210310,False,False,10.0,10.0,9.9174,9.9624,-1.5385
603098.SH,森特股份,2021-03-11 09:30:00,10,4,6273150.0,10.000000000000002,20210311,True,False,-4.6753,-1.6349,9.9723,-8.5013,9.9794
002210.SZ,飞马国际,2021-03-11 09:30:00,-4.86891386,3,,4.8689138576778985,20210311,True,False,4.7244,-1.5038,-1.9084,-0.7782,-1.1765
003039.SZ,顺控发展,2021-03-11 09:30:00,9.99020568,3,7199164.0,9.990205680705186,20210311,True,False,9.9733,10.0405,10.0074,10.0334,10.0304
600744.SH,华银电力,2021-03-11 09:30:00,10,3,34779654.0,10.000000000000009,20210311,True,False,10.0,9.9174,9.9624,-1.5385,3.9931
605208.SH,永茂泰,2021-03-11 09:30:00,10.02141328,3,2075845.0,10.021413276231263,20210311,True,False,-8.4469,-9.9915,-1.7478,0.4327,10.0048
003039.SZ,顺控发展,2021-03-12 09:30:00,9.97328584,4,44752293.0,9.973285841495985,20210312,True,False,10.0405,10.0074,10.0334,10.0304,10.0
600744.SH,华银电力,2021-03-12 09:30:00,10,4,42785845.0,9.999999999999988,20210312,True,False,9.9174,9.9624,-1.5385,3.9931,10.0167
000966.SZ,长源电力,2021-03-12 09:30:00,9.95762712,2,9570702.0,9.957627118644082,20210312,True,False,0.1927,10.0,-8.7413,9.9617,9.9303
002996.SZ,顺博合金,2021-03-12 09:30:00,10.01251564,2,6946702.0,10.01251564455568,20210312,True,False,-4.38,9.9941,10.0054,9.9803,10.0134
600702.SH,舍得酒业,2021-03-12 11:26:00,5.00394633,2,507398.0,0.6629834254143673,20210312,False,True,1.8942,1.5344,-2.8189,4.994,3.2185
003039.SZ,顺控发展,2021-03-15 09:30:00,10.04048583,5,4618830.0,10.040485829959517,20210315,True,False,10.0074,10.0334,10.0304,10.0,9.995
600744.SH,华银电力,2021-03-15 09:30:00,9.91735537,5,2947157.0,9.917355371900836,20210315,True,False,9.9624,-1.5385,3.9931,10.0167,10.0152
600307.SH,酒钢宏兴,2021-03-15 09:30:15,6.82926829,2,,10.243902439024389,20210315,False,True,-4.1096,-7.1429,1.5385,-3.5354,-1.0471
603126.SH,中材节能,2021-03-15 09:32:30,0,2,,6.356311548791413,20210315,False,False,6.0877,-9.5359,1.8657,-2.1062,10.0094
000966.SZ,长源电力,2021-03-15 09:36:45,0.19267823,3,,3.853564547206152,20210315,False,False,10.0,-8.7413,9.9617,9.9303,9.9842
000612.SZ,焦作万方,2021-03-15 09:48:45,9.95762712,2,11571027.0,3.9194915254237395,20210315,False,False,10.0193,-6.655,-4.9719,3.9487,0.1899
002109.SZ,兴化股份,2021-03-15 09:55:15,9.96884735,2,14695246.0,4.517133956386293,20210315,False,False,10.0567,-10.0386,-7.2961,-0.7716,-2.4883
002366.SZ,台海核电,2021-03-15 14:47:58,10,2,8945079.0,1.750000000000007,20210315,False,False,10.0,9.9174,-4.1353,1.7647,4.0462
600481.SH,双良节能,2021-03-16 09:30:00,6.48148148,2,,10.0,20210316,True,False,-7.3043,-1.8762,-2.4857,7.2549,-4.5704
002366.SZ,台海核电,2021-03-16 09:35:31,10,3,21061500.0,-0.9090909090909098,20210316,False,True,9.9174,-4.1353,1.7647,4.0462,-8.3333
603628.SH,清源股份,2021-03-16 09:41:47,2.90010741,2,,1.2889366272824834,20210316,False,False,-3.9666,-3.2609,-0.1124,4.8369,-3.2189
000612.SZ,焦作万方,2021-03-16 09:46:02,10.01926782,3,4335962.0,4.720616570327538,20210316,False,False,-6.655,-4.9719,3.9487,0.1899,-9.9526
600744.SH,华银电力,2021-03-16 11:23:17,9.96240602,6,13285639.0,-3.7593984962406046,20210316,False,False,-1.5385,3.9931,10.0167,10.0152,1.5172
003039.SZ,顺控发展,2021-03-16 11:28:36,10.00735835,6,751187.0,2.9433406916850653,20210316,False,False,10.0334,10.0304,10.0,9.995,10.0
600565.SH,迪马股份,2021-03-16 13:47:17,7.07395498,2,,0.0,20210316,False,False,-5.1051,0.3165,-2.8391,2.2727,-1.5873
002109.SZ,兴化股份,2021-03-16 14:30:05,10.05665722,3,10843099.0,6.2322946175637455,20210316,False,False,-10.0386,-7.2961,-0.7716,-2.4883,-10.0478
600526.SH,菲达环保,2021-03-17 09:30:00,10.09345794,2,19944030.0,10.093457943925234,20210317,True,False,10.017,6.0185,10.0437,10.0529,9.976
000011.SZ,深物业A,2021-03-17 09:30:30,10.03533569,2,4928891.0,5.159010600706717,20210317,False,True,4.3674,-7.3846,3.1229,-9.9871,-5.655
002269.SZ,美邦服饰,2021-03-17 09:31:30,10.17964072,2,26654500.0,2.994011976047907,20210317,False,False,9.7826,-2.9703,-6.6327,-9.8361,-3.6364
002452.SZ,长高集团,2021-03-17 09:32:30,3.79146919,2,,5.845181674565563,20210317,False,False,-3.3486,-4.7244,2.4793,-5.0,0.8489
002366.SZ,台海核电,2021-03-17 09:33:30,9.91735537,4,1407200.0,9.917355371900836,20210317,False,False,-4.1353,1.7647,4.0462,-8.3333,-9.697
003039.SZ,顺控发展,2021-03-17 09:41:30,10.03344482,7,1944691.0,-1.0033444816053416,20210317,False,False,10.0304,10.0,9.995,10.0,10.0042
605005.SH,合兴股份,2021-03-17 09:42:00,10.00621504,2,1839933.0,7.271597265382236,20210317,False,False,0.1695,9.9831,10.0,-7.2727,-10.005
002665.SZ,首航高科,2021-03-17 10:25:00,9.88142292,2,9393990.0,-9.090909090909092,20210317,False,False,10.0719,-4.902,1.7182,-10.1351,10.1504
002269.SZ,美邦服饰,2021-03-18 09:30:00,9.7826087,3,23936562.0,9.78260869565217,20210318,True,False,-2.9703,-6.6327,-9.8361,-3.6364,10.0629
002900.SZ,哈三联,2021-03-18 09:33:00,10,2,3101920.0,7.142857142857135,20210318,False,True,10.0186,10.0337,-4.0613,9.984,-10.0218
002996.SZ,顺博合金,2021-03-18 09:33:30,9.98033432,2,4332813.0,5.703048180924288,20210318,False,False,10.0134,9.9959,9.9741,-10.0101,-10.0037
603090.SH,宏盛股份,2021-03-18 09:36:00,-2.38257318,2,,2.791014295439075,20210318,False,False,-2.1618,1.0691,-4.1608,5.0037,-3.3637
600526.SH,菲达环保,2021-03-18 09:36:32,10.01697793,3,2979897.0,6.960950764006794,20210318,False,False,6.0185,10.0437,10.0529,9.976,-4.0437
300848.SZ,美瑞新材,2021-03-18 14:04:19,8.96147404,2,,8.877721943048575,20210318,False,False,3.7663,4.9383,-4.8588,-0.9892,-6.6317
003039.SZ,顺控发展,2021-03-18 14:37:35,10.03039514,8,3406197.0,-5.775075987841941,20210318,False,False,10.0,9.995,10.0,10.0042,10.0
002665.SZ,首航高科,2021-03-18 14:42:16,10.07194245,3,1248580.0,0.0,20210318,False,False,-4.902,1.7182,-10.1351,10.1504,-7.5085
002485.SZ,雪松发展,2021-03-19 09:30:00,-2.10325048,2,,9.942638623326951,20210319,True,False,-5.4688,0.0,-0.6198,0.6237,0.6198
600212.SH,江泉实业,2021-03-19 09:30:15,10.02227171,2,13973982.0,8.685968819599102,20210319,False,True,6.0729,-5.1527,-10.0604,-9.1723,0.9852
002900.SZ,哈三联,2021-03-19 09:30:45,10.01855288,3,4501700.0,6.679035250463827,20210319,False,False,10.0337,-4.0613,9.984,-10.0218,-2.1792
003039.SZ,顺控发展,2021-03-19 09:37:45,10,9,2932822.0,0.0,20210319,False,False,9.995,10.0,10.0042,10.0,10.0172
002996.SZ,顺博合金,2021-03-19 09:38:15,10.01341082,3,4199651.0,9.968708091193564,20210319,False,False,9.9959,9.9741,-10.0101,-10.0037,9.9959
003039.SZ,顺控发展,2021-03-22 09:30:00,9.9949774,10,6574781.0,9.994977398292306,20210322,True,False,10.0,10.0042,10.0,10.0172,10.0094
002996.SZ,顺博合金,2021-03-22 09:30:00,9.99593661,4,8146034.0,9.99593661113369,20210322,True,False,9.9741,-10.0101,-10.0037,9.9959,-7.2775
000966.SZ,长源电力,2021-03-22 09:30:00,9.98415214,2,34264218.0,9.984152139461186,20210322,True,False,9.9424,9.9607,-8.82,4.8366,4.8628
002893.SZ,华通热力,2021-03-22 09:30:00,10.04618938,2,7554773.0,10.046189376443408,20210322,True,False,9.9685,10.0191,-9.974,-4.1426,10.0503
600505.SH,西昌电力,2021-03-22 09:30:15,9.9756691,2,9098206.0,7.542579075425781,20210322,False,True,-2.9867,-8.4379,-9.9626,2.0747,0.542
600212.SH,江泉实业,2021-03-22 09:30:30,6.07287449,3,,6.6801619433198205,20210322,False,False,-5.1527,-10.0604,-9.1723,0.9852,0.9756
002280.SZ,联络互动,2021-03-22 09:38:00,4.98442368,2,8041996.0,2.1806853582554466,20210322,False,False,5.0445,5.0847,-5.1075,-5.0992,3.8806
003035.SZ,南网能源,2021-03-22 09:40:18,9.98322148,2,21805315.0,6.54362416107382,20210322,False,False,9.9924,-9.362,3.6725,-4.3542,10.0309
600916.SH,中国黄金,2021-03-22 09:53:51,10,2,3700662.0,0.0,20210322,False,False,-3.767,10.0209,-2.7514,-1.8049,-3.5768
003016.SZ,欣贺股份,2021-03-22 10:07:51,10.03752345,2,6280789.0,9.568480300187613,20210322,False,False,-9.9744,-2.7462,3.6027,-0.3759,5.566
002900.SZ,哈三联,2021-03-22 13:33:29,10.03372681,4,1901900.0,1.1804384485666153,20210322,False,False,-4.0613,9.984,-10.0218,-2.1792,1.2376
003038.SZ,鑫铂股份,2021-03-22 13:38:59,7.33971569,2,,4.235567159849147,20210322,False,False,-8.3784,-5.8112,2.8187,-0.9138,-2.49
002578.SZ,闽发铝业,2021-03-22 14:10:33,10.07025761,2,,0.0,20210322,False,False,-10.0,-9.9291,-2.8871,0.8108,-1.0724
000966.SZ,长源电力,2021-03-23 09:30:00,9.94236311,3,47356098.0,9.942363112391922,20210323,True,False,9.9607,-8.82,4.8366,4.8628,9.7503
002693.SZ,双成药业,2021-03-23 09:30:00,-7.20164609,2,,10.082304526748956,20210323,True,False,-9.0909,1.4634,-1.6827,-0.489,-0.9828
600956.SH,新天绿能,2021-03-23 09:30:00,10.00926784,2,24391422.0,10.009267840593143,20210323,True,False,10.0253,-4.2879,10.0,10.0364,9.9802
600396.SH,金山股份,2021-03-23 09:30:30,6.04026846,2,,10.067114093959725,20210323,False,True,-8.8608,-10.0694,1.5444,3.8023,-3.663
002280.SZ,联络互动,2021-03-23 09:30:45,5.04451039,3,8221895.0,4.451038575667653,20210323,False,False,5.0847,-5.1075,-5.0992,3.8806,-4.8851
003039.SZ,顺控发展,2021-03-23 09:31:00,10,11,5677296.0,9.543378995433791,20210323,False,False,10.0042,10.0,10.0172,10.0094,10.0057
002893.SZ,华通热力,2021-03-23 09:32:30,9.96852046,3,2431929.0,7.974816369359914,20210323,False,False,10.0191,-9.974,-4.1426,10.0503,10.0457
002996.SZ,顺博合金,2021-03-23 09:33:30,9.97414112,5,,8.718138160325081,20210323,False,False,-10.0101,-10.0037,9.9959,-7.2775,-10.0041
002900.SZ,哈三联,2021-03-23 09:35:45,-4.06130268,5,,-0.3831417624521127,20210323,False,False,9.984,-10.0218,-2.1792,1.2376,10.0244
003035.SZ,南网能源,2021-03-23 10:05:45,9.99237223,3,2706000.0,6.7124332570556895,20210323,False,False,-9.362,3.6725,-4.3542,10.0309,-7.2931
000017.SZ,深中华A,2021-03-23 14:04:01,2.31788079,2,,2.6490066225165587,20210323,False,False,-3.5599,1.0067,-1.9934,-4.0678,0.3534
002280.SZ,联络互动,2021-03-24 09:30:00,5.08474576,4,10553394.0,5.084745762711869,20210324,True,False,-5.1075,-5.0992,3.8806,-4.8851,-4.5317
003040.SZ,楚天龙,2021-03-24 09:30:00,9.9726776,2,26082916.0,9.97267759562842,20210324,True,False,10.0621,10.0451,10.0513,9.972,10.0
605286.SH,同力日升,2021-03-24 09:30:00,10.00418585,2,17043770.0,10.004185851820848,20210324,True,False,10.0076,9.9965,10.0,3.0589,-9.9861
605389.SH,长龄液压,2021-03-24 09:30:00,9.99839769,2,1898854.0,9.99839769267747,20210324,True,False,10.0073,9.9974,3.3947,-10.0012,-9.3273
605303.SH,园林股份,2021-03-24 09:30:15,9.98286204,2,4004946.0,9.168808911739506,20210324,False,True,-5.9213,10.0207,6.3229,-9.9823,-6.803
002642.SZ,荣联科技,2021-03-24 09:30:30,4.04624277,2,,5.009633911368011,20210324,False,False,-7.5926,-2.2044,-0.2049,-5.3388,0.4338
600956.SH,新天绿能,2021-03-24 09:31:00,10.0252738,3,5205687.0,5.307497893850049,20210324,False,False,-4.2879,10.0,10.0364,9.9802,-7.8125
000966.SZ,长源电力,2021-03-24 09:32:00,9.96068152,4,22967239.0,9.698558322411523,20210324,False,False,-8.82,4.8366,4.8628,9.7503,-9.9675
600526.SH,菲达环保,2021-03-24 09:33:00,9.97596154,2,13743951.0,9.975961538461538,20210324,False,False,-4.0437,-6.6059,0.6098,-8.9697,-1.4647
000027.SZ,深圳能源,2021-03-24 09:35:15,9.98023715,2,17835773.0,2.7667984189723436,20210324,False,False,-9.973,9.98,9.9819,0.0825,-7.5021
003039.SZ,顺控发展,2021-03-24 09:36:30,10.0041511,12,3201107.0,7.887090078870895,20210324,False,False,10.0,10.0172,10.0094,10.0057,9.9974
002554.SZ,惠博普,2021-03-24 09:48:15,10,2,14114400.0,2.85714285714286,20210324,False,False,-3.1169,-3.4853,10.0,-2.7778,-8.5714
603919.SH,金徽酒,2021-03-24 09:50:00,10.00314564,2,2727967.0,3.806228373702425,20210324,False,False,-1.058,10.0,-1.7341,-6.2299,-1.9105
601456.SH,国联证券,2021-03-24 10:39:48,3.05810398,2,,1.5290519877675839,20210324,False,False,0.7122,-4.5374,-2.4691,-0.9494,-2.6837
002549.SZ,凯美特气,2021-03-24 11:30:00,-0.20470829,2,,-1.7400204708290679,20210324,False,False,-9.9487,-1.7084,0.5794,-0.4608,3.588
002893.SZ,华通热力,2021-03-24 13:17:02,10.01908397,4,3214585.0,-2.480916030534349,20210324,False,False,-9.974,-4.1426,10.0503,10.0457,10.0415
002280.SZ,联络互动,2021-03-25 09:30:00,-5.10752688,5,,5.107526881720428,20210325,True,False,-5.0992,3.8806,-4.8851,-4.5317,-5.0633
003040.SZ,楚天龙,2021-03-25 09:30:00,10.0621118,3,19580896.0,10.062111801242219,20210325,True,False,10.0451,10.0513,9.972,10.0,10.0154
605286.SH,同力日升,2021-03-25 09:30:00,10.00761035,3,676664.0,10.0076103500761,20210325,True,False,9.9965,10.0,3.0589,-9.9861,-5.7627
605389.SH,长龄液压,2021-03-25 09:30:00,10.00728332,3,1549452.0,10.00728332119445,20210325,True,False,9.9974,3.3947,-10.0012,-9.3273,0.5136
002199.SZ,东晶电子,2021-03-25 09:30:00,-6.09418283,2,,9.972299168975077,20210325,True,False,-2.8024,-2.5797,-2.648,-0.32,-1.6051
603603.SH,博天环境,2021-03-25 09:30:00,9.94236311,2,1952000.0,9.942363112391922,20210325,True,False,-3.6697,-7.0748,-9.224,10.0,-1.0264
603778.SH,乾景园林,2021-03-25 09:30:30,10.09345794,2,7951649.0,8.411214953271031,20210325,False,True,10.017,9.8765,-9.9719,5.3042,-9.9259
600892.SH,大晟文化,2021-03-25 09:37:15,-0.40322581,2,,0.8064516129032265,20210325,False,False,-9.919,-0.4494,-5.8691,0.2398,-0.7177
002554.SZ,惠博普,2021-03-25 10:46:01,-3.11688312,3,,4.155844155844148,20210325,False,False,-3.4853,10.0,-2.7778,-8.5714,-7.1023
002316.SZ,亚联发展,2021-03-25 11:01:16,9.90990991,2,6434877.0,4.729729729729729,20210325,False,False,-7.377,-1.5487,-9.2135,9.901,1.5766
003039.SZ,顺控发展,2021-03-25 14:56:24,10,13,1740042.0,8.264150943396231,20210325,False,False,10.0172,10.0094,10.0057,9.9974,10.0023
003040.SZ,楚天龙,2021-03-26 09:30:00,10.04514673,4,38367782.0,10.04514672686231,20210326,True,False,10.0513,9.972,10.0,10.0154,10.014
603778.SH,乾景园林,2021-03-26 09:30:00,10.01697793,3,14667707.0,10.016977928692713,20210326,True,False,9.8765,-9.9719,5.3042,-9.9259,-8.7171
600917.SH,重庆燃气,2021-03-26 09:30:30,10.03382187,2,6082683.0,5.975197294250295,20210326,False,True,10.041,9.9628,-1.7782,-3.1897,3.4728
605286.SH,同力日升,2021-03-26 09:33:00,9.99654099,4,3828228.0,0.3113109650639912,20210326,False,False,10.0,3.0589,-9.9861,-5.7627,10.0065
003039.SZ,顺控发展,2021-03-26 10:00:00,10.01715266,14,1213961.0,-0.9948542024013693,20210326,False,False,10.0094,10.0057,9.9974,10.0023,10.0085
605389.SH,长龄液压,2021-03-26 10:13:15,9.99735169,4,443108.0,1.9200211864406818,20210326,False,False,3.3947,-10.0012,-9.3273,0.5136,3.6196
600963.SH,岳阳林纸,2021-03-26 10:39:33,-1.33531157,2,,5.341246290801179,20210326,False,False,1.5038,-9.9259,-1.6447,1.6722,-2.3026
003040.SZ,楚天龙,2021-03-29 09:30:00,10.05128205,5,15409156.0,10.051282051282056,20210329,True,False,9.972,10.0,10.0154,10.014,9.9936
605286.SH,同力日升,2021-03-29 09:30:00,10,5,1878812.0,9.999999999999988,20210329,True,False,3.0589,-9.9861,-5.7627,10.0065,-5.0832
002269.SZ,美邦服饰,2021-03-29 09:30:00,9.84455959,2,77162220.0,9.844559585492238,20210329,True,False,9.9057,9.8712,10.1563,9.9291,10.0
002658.SZ,雪迪龙,2021-03-29 09:30:00,10.0292113,2,6437717.0,10.029211295034091,20210329,True,False,10.0,9.9759,-10.0219,-10.0,1.4453
605055.SH,迎丰股份,2021-03-29 09:30:00,9.98980632,2,6855598.0,9.989806320081534,20210329,True,False,10.0093,10.0253,-3.9816,1.3557,-9.9921
600917.SH,重庆燃气,2021-03-29 09:30:30,10.04098361,3,2902129.0,8.60655737704918,20210329,False,True,9.9628,-1.7782,-3.1897,3.4728,9.9828
600540.SH,新赛股份,2021-03-29 09:30:30,9.96503497,2,13885972.0,4.895104895104899,20210329,False,False,10.0159,9.9711,6.4389,-9.1358,-7.2011
603778.SH,乾景园林,2021-03-29 09:30:45,9.87654321,4,,6.327160493827149,20210329,False,False,-9.9719,5.3042,-9.9259,-8.7171,1.0811
605199.SH,葫芦娃,2021-03-29 09:31:00,10.0040833,2,3466541.0,7.5949367088607715,20210329,False,False,0.1485,0.6301,-8.4346,-0.2011,2.7811
605389.SH,长龄液压,2021-03-29 09:36:45,3.39472734,5,,0.7583965330444321,20210329,False,False,-10.0012,-9.3273,0.5136,3.6196,-0.9589
003039.SZ,顺控发展,2021-03-29 09:38:15,10.00935454,15,1916253.0,5.986903648269416,20210329,False,False,10.0057,9.9974,10.0023,10.0085,10.0077
603196.SH,日播时尚,2021-03-29 11:06:41,10.01540832,2,414600.0,7.0878274268104775,20210329,False,False,-2.521,2.7299,-0.5594,9.9859,-7.6726
002378.SZ,章源钨业,2021-03-29 13:18:48,2.23529412,2,,0.4705882352941076,20210329,False,False,0.2301,-1.2629,-1.6279,-4.6099,-1.3631
000809.SZ,铁岭新城,2021-03-30 09:30:00,-7.30593607,2,,10.045662100456632,20210330,True,False,-5.9113,-0.5236,0.0,0.5263,1.0471
003040.SZ,楚天龙,2021-03-30 09:30:00,9.97204101,6,49706109.0,9.972041006523767,20210330,True,False,10.0,10.0154,10.014,9.9936,10.0116
600540.SH,新赛股份,2021-03-30 09:30:00,10.01589825,3,24401527.0,10.015898251192366,20210330,True,False,9.9711,6.4389,-9.1358,-7.2011,2.0498
603759.SH,海天股份,2021-03-30 09:30:00,10.02816901,2,16631624.0,10.028169014084513,20210330,True,False,9.9846,10.0093,9.9873,10.0038,10.0035
002941.SZ,新疆交建,2021-03-30 09:30:15,10.00746826,2,10135663.0,10.007468259895443,20210330,False,True,9.9796,-10.0,-6.3786,0.9524,-1.8868
605055.SH,迎丰股份,2021-03-30 09:31:00,10.00926784,3,9053147.0,6.4874884151992696,20210330,False,False,10.0253,-3.9816,1.3557,-9.9921,5.9441
002168.SZ,惠程科技,2021-03-30 09:31:45,0,2,,3.485254691689005,20210330,False,False,0.8043,-4.7872,0.2793,0.2786,5.0
600780.SH,通宝能源,2021-03-30 09:32:15,2.6128266,2,,6.888361045130642,20210330,False,False,9.9537,10.1053,-2.1033,-7.4219,-1.8987
605199.SH,葫芦娃,2021-03-30 09:33:00,0.1484781,3,,9.98515219005196,20210330,False,False,0.6301,-8.4346,-0.2011,2.7811,10.0
603080.SH,新疆火炬,2021-03-30 09:33:00,9.9702381,2,3957161.0,9.374999999999998,20210330,False,False,10.0135,2.829,9.988,-10.0054,-0.9668
002269.SZ,美邦服饰,2021-03-30 09:33:15,9.90566038,3,19661200.0,3.7735849056603805,20210330,False,False,9.8712,10.1563,9.9291,10.0,9.9707
600956.SH,新天绿能,2021-03-30 09:42:15,9.98017184,2,2939801.0,5.0892267019167186,20210330,False,False,-7.8125,-9.9739,-6.9515,10.0389,9.9717
002658.SZ,雪迪龙,2021-03-30 09:47:15,10,3,5920334.0,4.778761061946895,20210330,False,False,9.9759,-10.0219,-10.0,1.4453,1.7809
002907.SZ,华森制药,2021-03-30 10:07:15,0.66617321,2,,1.2583271650629158,20210330,False,False,-6.6176,-1.4173,1.278,-1.0252,2.4701
600917.SH,重庆燃气,2021-03-30 10:49:46,9.96275605,4,2229751.0,3.8175046554934835,20210330,False,False,-1.7782,-3.1897,3.4728,9.9828,-5.5556
003039.SZ,顺控发展,2021-03-30 11:04:47,10.00566893,16,1295714.0,4.8752834467120145,20210330,False,False,9.9974,10.0023,10.0085,10.0077,
605169.SH,洪通燃气,2021-03-30 13:27:49,10.0082713,2,1556250.0,0.0,20210330,False,False,-4.2105,-9.0267,-0.0863,-0.2159,4.8031
002060.SZ,粤水电,2021-03-30 14:44:08,8.31295844,2,,1.4669926650366871,20210330,False,False,-9.0293,-2.9777,-4.3478,0.8021,0.0
000065.SZ,北方国际,2021-03-31 09:30:00,10,2,1837155.0,10.000000000000014,20210331,True,False,10.0423,7.9731,-2.9359,-1.0082,-9.9074
600339.SH,中油工程,2021-03-31 09:30:00,10.03039514,2,3955060.0,10.030395136778118,20210331,True,False,-7.7348,-7.485,-0.9709,-0.6536,-1.6447
002828.SZ,贝肯能源,2021-03-31 09:30:00,5.04115226,2,,9.979423868312745,20210331,True,False,-9.9902,-7.3993,1.0576,0.2326,-3.1323
000617.SZ,中油资本,2021-03-31 09:30:00,7.04787234,2,,9.97340425531915,20210331,True,False,-9.9379,-7.7241,-0.299,-1.1994,-3.0349
000151.SZ,中成股份,2021-03-31 09:30:00,10.01137656,2,13320338.0,10.0113765642776,20210331,True,False,10.031,-9.4925,-6.7497,-0.8909,-7.4157
603759.SH,海天股份,2021-03-31 09:30:00,9.98463902,3,13265987.0,9.984639016897077,20210331,True,False,10.0093,9.9873,10.0038,10.0035,10.0159
603988.SH,中电电机,2021-03-31 09:30:00,10,2,7314190.0,9.999999999999998,20210331,True,False,9.994,10.0164,10.0,9.9955,-9.9918
600540.SH,新赛股份,2021-03-31 09:30:00,9.97109827,4,31693062.0,9.97109826589596,20210331,True,False,6.4389,-9.1358,-7.2011,2.0498,-10.043
003040.SZ,楚天龙,2021-03-31 09:30:00,10,7,32920973.0,9.999999999999996,20210331,True,False,10.0154,10.014,9.9936,10.0116,9.9947
002941.SZ,新疆交建,2021-03-31 09:30:00,9.9796334,3,2225000.0,9.979633401221989,20210331,True,False,-10.0,-6.3786,0.9524,-1.8868,-6.4349
603080.SH,新疆火炬,2021-03-31 09:30:15,10.0135318,3,171200.0,8.592692828146154,20210331,False,True,2.829,9.988,-10.0054,-0.9668,-5.9182
605055.SH,迎丰股份,2021-03-31 09:30:30,10.0252738,4,4244972.0,8.003369839932613,20210331,False,False,-3.9816,1.3557,-9.9921,5.9441,3.8779
002383.SZ,合众思壮,2021-03-31 09:31:00,-0.63391442,2,,4.278922345483367,20210331,False,False,-3.5088,-2.8099,-1.7007,1.0381,9.9315
002162.SZ,悦心健康,2021-03-31 09:33:30,-0.19083969,2,,0.9541984732824393,20210331,False,False,9.9426,10.087,1.2638,3.9002,-1.0511
002893.SZ,华通热力,2021-03-31 09:41:30,10.04149378,2,1219466.0,0.24896265560165443,20210331,False,False,-9.5777,-10.0083,5.5607,2.8973,-0.0853
600578.SH,京能电力,2021-03-31 09:53:45,10.07556675,2,,5.79345088161209,20210331,False,False,-6.1785,-7.3171,-0.2632,0.7916,-6.8063
003039.SZ,顺控发展,2021-03-31 09:56:30,9.99742334,17,1592726.0,2.190157175985556,20210331,False,False,10.0023,10.0085,10.0077,,
002658.SZ,雪迪龙,2021-03-31 10:34:54,9.97586484,4,5182628.0,0.08045052292839733,20210331,False,False,-10.0219,-10.0,1.4453,1.7809,-9.9738
002269.SZ,美邦服饰,2021-03-31 14:56:07,9.87124464,4,32898238.0,0.0,20210331,False,False,10.1563,9.9291,10.0,9.9707,-0.5333
003040.SZ,楚天龙,2021-04-01 09:30:00,10.01540832,8,60656530.0,10.015408320493057,20210401,True,False,10.014,9.9936,10.0116,9.9947,9.9952
603759.SH,海天股份,2021-04-01 09:30:00,10.00931099,4,18880614.0,10.00931098696461,20210401,True,False,9.9873,10.0038,10.0035,10.0159,10.0
000151.SZ,中成股份,2021-04-01 09:30:00,10.03102378,3,950203.0,10.031023784901764,20210401,True,False,-9.4925,-6.7497,-0.8909,-7.4157,-0.2427
603988.SH,中电电机,2021-04-01 09:30:00,9.99397953,3,7093539.0,9.993979530403372,20210401,True,False,10.0164,10.0,9.9955,-9.9918,-9.4564
003001.SZ,中岩大地,2021-04-01 09:30:00,9.99213218,2,2325863.0,9.992132179386298,20210401,True,False,9.9905,9.9935,9.9921,8.941,-10.0
003036.SZ,泰坦股份,2021-04-01 09:30:15,10.02017485,2,5576059.0,9.952925353059868,20210401,False,True,10.0244,10.0,10.0,10.0092,10.0167
600540.SH,新赛股份,2021-04-01 09:31:00,6.43889619,5,,9.986859395532178,20210401,False,False,-9.1358,-7.2011,2.0498,-10.043,-2.2329
002210.SZ,飞马国际,2021-04-01 09:35:15,5.01672241,2,2105000.0,0.3344481605351099,20210401,False,False,-5.0955,1.6779,4.9505,-1.8868,0.3205
002269.SZ,美邦服饰,2021-04-01 09:36:45,10.15625,5,30848800.0,0.0,20210401,False,False,9.9291,10.0,9.9707,-0.5333,-7.2386
003039.SZ,顺控发展,2021-04-01 09:40:30,10.00234247,18,1292573.0,7.285078472710236,20210401,False,False,10.0085,10.0077,,,
605055.SH,迎丰股份,2021-04-01 09:42:15,-3.98162328,5,,3.3690658499234263,20210401,False,False,1.3557,-9.9921,5.9441,3.8779,1.4297
600509.SH,天富能源,2021-04-01 10:05:00,0.14044944,2,,2.8089887640449462,20210401,False,False,9.9579,9.949,-1.8561,-10.0473,-8.41
000065.SZ,北方国际,2021-04-01 10:37:01,10.0422833,3,6279706.0,-1.6913319238900648,20210401,False,False,7.9731,-2.9359,-1.0082,-9.9074,-4.9332
603080.SH,新疆火炬,2021-04-01 13:32:33,2.82902829,4,,-9.594095940959424,20210401,False,False,9.988,-10.0054,-0.9668,-5.9182,-0.9079
003040.SZ,楚天龙,2021-04-02 09:30:00,10.0140056,9,52924996.0,10.014005602240907,20210402,True,False,9.9936,10.0116,9.9947,9.9952,10.0
603759.SH,海天股份,2021-04-02 09:30:00,9.98730427,5,11470929.0,9.987304274227675,20210402,True,False,10.0038,10.0035,10.0159,10.0,10.0105
603988.SH,中电电机,2021-04-02 09:30:00,10.01642036,4,10154206.0,10.016420361247958,20210402,True,False,10.0,9.9955,-9.9918,-9.4564,-0.4541
003036.SZ,泰坦股份,2021-04-02 09:30:00,10.02444988,3,2614495.0,10.024449877750616,20210402,True,False,10.0,10.0,10.0092,10.0167,-10.0152
001896.SZ,豫能控股,2021-04-02 09:30:00,9.97409326,2,23573814.0,9.97409326424871,20210402,True,False,10.0118,9.9572,-9.5424,10.0108,9.9804
000065.SZ,北方国际,2021-04-02 09:30:15,7.97310279,4,,8.837656099903938,20210402,False,True,-2.9359,-1.0082,-9.9074,-4.9332,0.4324
002269.SZ,美邦服饰,2021-04-02 09:30:45,9.92907801,6,23955500.0,6.3829787234042605,20210402,False,False,10.0,9.9707,-0.5333,-7.2386,4.6243
605208.SH,永茂泰,2021-04-02 09:32:15,9.99240122,2,2163271.0,6.003039513677805,20210402,False,False,10.0173,10.0157,-9.9886,-8.9093,2.6105
003039.SZ,顺控发展,2021-04-02 09:49:01,10.00851789,19,1954525.0,7.921635434412263,20210402,False,False,10.0077,,,,
002992.SZ,宝明科技,2021-04-02 09:52:16,9.98645904,2,1481456.0,-5.856465809072446,20210402,False,False,-7.5716,-3.663,-7.57,-0.6358,-2.9733
002542.SZ,中化岩土,2021-04-02 09:53:31,10.09174312,2,6997300.0,-2.140672782874613,20210402,False,False,10.0,-0.2525,-9.8734,5.0562,-6.9519
002289.SZ,宇顺电子,2021-04-02 11:19:56,4.94417863,2,462700.0,2.711323763955356,20210402,False,False,5.0152,-3.7627,-3.1579,4.9689,0.5917
003001.SZ,中岩大地,2021-04-02 14:06:27,9.99046257,3,141500.0,-2.2412970910824934,20210402,False,False,9.9935,9.9921,8.941,-10.0,-9.9963
