,股票简称,昨收,前连板,昨封单,昨开,昨首停,交易日,昨竞一,selected,1_c_chg,2_c_chg,3_c_chg,4_c_chg,5_c_chg,0_c_chg,profit
001208.SZ,华菱线缆,10.0,6,76066308.0,9.999999999999996,2021-07-02 09:30:00,20210702,True,False,10.0,10.0,10.0,10.0,-10.0,0.0,30.0
603171.SH,税友股份,10.0,2,10304954.0,9.9905303030303,2021-07-02 09:30:00,20210702,True,False,10.0,10.0,10.0,10.0,10.0,0.0,50.0
605011.SH,杭州热电,10.0,2,20966915.0,10.030706243602872,2021-07-02 09:30:00,20210702,True,False,10.0,10.0,10.0,10.0,10.0,0.0,50.0
000062.SZ,深圳华强,-4.51612903,2,,6.989247311827941,2021-07-02 09:30:30,20210702,False,True,-2.9842,-0.9286,0.4101,-0.4084,-1.1131,-14.51612903,-17.50032903
002529.SZ,海源复材,10.0,3,5832699.0,-0.09990009990009777,2021-07-02 09:32:45,20210702,False,False,10.0,-10.0,3.3028,-3.1972,1.9266,0.0,3.3028
603629.SH,利通电子,10.0,2,1459200.0,-2.002503128911141,2021-07-02 10:05:01,20210702,False,False,1.7444,-6.448,-0.9562,-4.2639,-1.9328,0.0,1.7444
688699.SH,明微电子,12.37513873,2,,14.025351948127806,2021-07-02 10:22:01,20210702,False,False,-8.0182,-9.0138,5.587,-0.9941,-0.4813,2.3751387299999998,-5.6430612700000005
001208.SZ,华菱线缆,10.0,7,28537416.0,10.053475935828871,2021-07-05 09:30:00,20210705,True,False,10.0,10.0,10.0,-10.0,2.0276,0.0,22.0276
603171.SH,税友股份,10.0,3,6161702.0,9.98708566508825,2021-07-05 09:30:00,20210705,True,False,10.0,10.0,10.0,10.0,10.0,0.0,50.0
605011.SH,杭州热电,10.0,3,11427006.0,10.046511627906977,2021-07-05 09:30:00,20210705,True,False,10.0,10.0,10.0,10.0,10.0,0.0,50.0
002176.SZ,江特电机,10.0,2,25283322.0,9.989258861439309,2021-07-05 09:30:00,20210705,True,False,-2.4414,4.3043,1.8234,4.8068,7.2842,0.0,-2.4414
002865.SZ,钧达股份,3.26797386,2,,8.714596949891067,2021-07-05 09:30:30,20210705,False,True,-9.2405,1.1158,2.069,-0.3604,-0.0904,-6.73202614,-15.972526140000001
002529.SZ,海源复材,10.0,4,9044536.0,8.991825613079023,2021-07-05 09:31:30,20210705,False,False,-10.0,3.3028,-3.1972,1.9266,2.1602,0.0,-6.6972000000000005
603629.SH,利通电子,1.74440652,3,,-8.987485779294657,2021-07-05 13:21:36,20210705,False,False,-6.448,-0.9562,-4.2639,-1.9328,2.485,-8.25559348,-14.70359348
001208.SZ,华菱线缆,10.0,8,33336733.0,10.009718172983492,2021-07-06 09:30:00,20210706,True,False,10.0,10.0,-10.0,2.0276,-2.6232,0.0,12.0276
603171.SH,税友股份,10.0,4,5615099.0,10.019569471624262,2021-07-06 09:30:00,20210706,True,False,10.0,10.0,10.0,10.0,10.0,0.0,50.0
605011.SH,杭州热电,10.0,4,7175640.0,9.974640743871511,2021-07-06 09:30:00,20210706,True,False,10.0,10.0,10.0,10.0,10.0,0.0,50.0
002335.SZ,科华数据,0.47095761,2,,5.9654631083202485,2021-07-06 10:20:18,20210706,False,True,0.0,0.0781,-3.5909,3.8057,-0.975,-9.52904239,-9.52904239
001208.SZ,华菱线缆,10.0,9,7779050.0,9.982332155477023,2021-07-07 09:30:00,20210707,True,False,10.0,-10.0,2.0276,-2.6232,-0.8163,0.0,2.0276
603171.SH,税友股份,10.0,5,4979497.0,9.996442547136258,2021-07-07 09:30:00,20210707,True,False,10.0,10.0,10.0,10.0,10.0,0.0,50.0
605011.SH,杭州热电,10.0,5,21689578.0,9.992313604919298,2021-07-07 09:30:00,20210707,True,False,10.0,10.0,10.0,10.0,10.0,0.0,50.0
603324.SH,盛剑环境,10.0,2,1462965.0,9.995329285380667,2021-07-07 09:30:00,20210707,True,False,10.0,7.3152,-5.3237,0.4179,0.8135,0.0,17.3152
002442.SZ,龙星化工,10.0,2,12890700.0,5.049088359046287,2021-07-07 09:30:45,20210707,False,True,-3.699,-4.5033,4.9931,-3.963,1.7882,0.0,-3.699
600767.SH,运盛医疗,5.04885993,2,645700.0,3.094462540716619,2021-07-07 09:38:00,20210707,False,False,-4.9612,5.0571,-1.087,-2.8257,5.0081,-4.95114007,-9.912340069999999
603937.SH,丽岛新材,10.0,2,920200.0,2.738810955243822,2021-07-07 09:39:45,20210707,False,False,-1.3965,-7.9416,-1.7943,-0.6325,-0.1414,0.0,-1.3965
300343.SZ,联创股份,20.0,2,13314424.0,3.5123966942148748,2021-07-07 13:10:48,20210707,False,False,2.4096,-0.8403,11.1864,7.622,-5.8074,10.0,12.409600000000001
603171.SH,税友股份,10.0,6,5742695.0,9.993531694695978,2021-07-08 09:30:00,20210708,True,False,10.0,10.0,10.0,10.0,10.0,0.0,50.0
605011.SH,杭州热电,10.0,6,24064196.0,9.99301187980433,2021-07-08 09:30:00,20210708,True,False,10.0,10.0,10.0,10.0,10.0,0.0,50.0
603324.SH,盛剑环境,10.0,3,1325588.0,9.554140127388536,2021-07-08 09:31:45,20210708,False,True,7.3152,-5.3237,0.4179,0.8135,-8.9886,0.0,7.3152
000663.SZ,永安林业,4.96515679,2,575100.0,0.08710801393728038,2021-07-08 14:25:10,20210708,False,False,2.7386,-3.7964,5.0378,-1.0392,0.5654,-5.03484321,-2.29624321
001208.SZ,华菱线缆,10.0,10,624915.0,2.489959839357434,2021-07-08 14:39:03,20210708,False,False,-10.0,2.0276,-2.6232,-0.8163,3.1276,0.0,-7.9724
603171.SH,税友股份,10.0,7,3644898.0,9.99705968832696,2021-07-09 09:30:00,20210709,True,False,10.0,10.0,10.0,10.0,-9.7298,0.0,30.270200000000003
605011.SH,杭州热电,10.0,7,17101136.0,9.97458703939008,2021-07-09 09:30:00,20210709,True,False,10.0,10.0,10.0,10.0,10.0,0.0,50.0
002280.SZ,联络互动,10.0,2,15154092.0,10.01353179972938,2021-07-09 09:30:00,20210709,True,False,10.0,-2.5727,-9.2997,-0.7595,-1.2755,0.0,7.4273
605162.SH,新中港,10.0,2,17135733.0,9.989594172736743,2021-07-09 09:30:00,20210709,True,False,10.0,10.0,10.0,10.0,10.0,0.0,50.0
603324.SH,盛剑环境,7.31519012,4,,-7.199382358618035,2021-07-09 10:28:00,20210709,False,True,-5.3237,0.4179,0.8135,-8.9886,1.9588,-2.6848098800000004,-8.00850988
000920.SZ,沃顿科技,10.0,2,6582071.0,2.651113467656416,2021-07-09 14:20:27,20210709,False,False,6.6538,-10.0,-9.3467,1.9956,0.6522,0.0,6.6538
605011.SH,杭州热电,10.0,8,7809296.0,9.994222992489894,2021-07-12 09:30:00,20210712,True,False,10.0,10.0,10.0,10.0,-10.0,0.0,30.0
000920.SZ,沃顿科技,6.65380906,3,,10.028929604628745,2021-07-12 09:30:00,20210712,True,False,-10.0,-9.3467,1.9956,0.6522,1.1879,-3.3461909399999996,-22.692890939999998
002280.SZ,联络互动,10.0,3,20113337.0,9.963099630996293,2021-07-12 09:30:00,20210712,True,False,-2.5727,-9.2997,-0.7595,-1.2755,8.0103,0.0,-2.5727
605162.SH,新中港,10.0,3,9958312.0,10.028382213812682,2021-07-12 09:30:00,20210712,True,False,10.0,10.0,10.0,10.0,-0.1762,0.0,39.8238
000551.SZ,创元科技,1.62679426,2,,10.04784688995216,2021-07-12 09:30:00,20210712,True,False,-4.1431,9.8232,-10.0,2.1869,10.0,-8.37320574,-12.51630574
002895.SZ,川恒股份,8.41916704,2,,7.344379758172865,2021-07-12 09:33:30,20210712,False,True,-5.0392,-4.3932,0.091,2.5455,-10.0,-1.5808329600000004,-6.6200329600000005
000017.SZ,深中华A,5.7208238,2,,-3.4324942791762094,2021-07-12 09:57:13,20210712,False,False,-7.7922,-4.2254,1.7157,-3.6145,2.0,-4.2791762,-12.0713762
603171.SH,税友股份,10.0,8,1824058.0,1.5503875968992393,2021-07-12 10:30:10,20210712,False,False,10.0,10.0,10.0,-9.7298,10.0,0.0,20.270200000000003
002850.SZ,科达利,10.0,2,70150.0,0.4976450724251331,2021-07-12 11:09:31,20210712,False,False,10.0,-6.1766,-2.0665,-2.4938,-5.7136,0.0,3.8234000000000004
603171.SH,税友股份,10.0,9,3587034.0,10.012150668286766,2021-07-13 09:30:00,20210713,True,False,10.0,10.0,-9.7298,10.0,-8.2353,0.0,10.2702
605011.SH,杭州热电,10.0,9,8104928.0,9.978991596638668,2021-07-13 09:30:00,20210713,True,False,10.0,10.0,10.0,-10.0,-10.0,0.0,10.0
605162.SH,新中港,10.0,4,9455685.0,9.974204643164216,2021-07-13 09:30:00,20210713,True,False,10.0,10.0,10.0,-0.1762,-10.0,0.0,29.8238
605020.SH,永和股份,10.0,2,17691680.0,10.01821493624772,2021-07-13 09:30:00,20210713,True,False,10.0,10.0,10.0,10.0,10.0,0.0,50.0
002943.SZ,宇晶股份,10.0,2,5474275.0,2.0408163265306207,2021-07-13 10:36:37,20210713,False,True,-10.0,-5.79,-2.9167,-2.4678,5.8856,0.0,-15.79
002850.SZ,科达利,10.0,3,46550.0,1.7692680562287912,2021-07-13 14:44:16,20210713,False,False,-6.1766,-2.0665,-2.4938,-5.7136,-1.6693,0.0,-6.1766
600746.SH,江苏索普,10.0,2,25299.0,3.815489749430534,2021-07-13 14:45:47,20210713,False,False,4.0373,-1.99,-0.9137,1.2295,0.3543,0.0,4.0373
605011.SH,杭州热电,10.0,10,9125174.0,9.980897803247373,2021-07-14 09:30:00,20210714,True,False,10.0,10.0,-10.0,-10.0,-5.1418,0.0,-5.1418
605162.SH,新中港,10.0,5,7687066.0,10.007818608287735,2021-07-14 09:30:00,20210714,True,False,10.0,10.0,-0.1762,-10.0,-8.4314,0.0,19.8238
605020.SH,永和股份,10.0,3,15419818.0,10.016556291390721,2021-07-14 09:30:00,20210714,True,False,10.0,10.0,10.0,10.0,10.0,0.0,50.0
605028.SH,世茂能源,10.0,2,6542237.0,10.01780943900267,2021-07-14 09:30:00,20210714,True,False,10.0,10.0,10.0,-10.0,-8.3108,0.0,11.6892
603171.SH,税友股份,10.0,10,1710252.0,7.79765849348353,2021-07-14 09:32:45,20210714,False,True,10.0,-9.7298,10.0,-8.2353,-6.5505,0.0,0.2702000000000009
002140.SZ,东华科技,10.0,2,4430578.0,8.571428571428584,2021-07-14 09:34:15,20210714,False,False,10.0,10.0,-1.2386,-4.7659,4.1264,0.0,18.761400000000002
600746.SH,江苏索普,4.03726708,3,,-3.002070393374751,2021-07-14 11:00:30,20210714,False,False,-1.99,-0.9137,1.2295,0.3543,2.8744,-5.96273292,-7.95273292
000004.SZ,国华网安,0.70671378,2,,-2.826855123674914,2021-07-14 14:06:21,20210714,False,False,0.9649,1.2598,10.0,1.2871,-0.9626,-9.29328622,-8.32838622
605011.SH,杭州热电,10.0,11,3297571.0,9.986973512809366,2021-07-15 09:30:00,20210715,True,False,10.0,-10.0,-10.0,-5.1418,-3.6916,0.0,-15.1418
605162.SH,新中港,10.0,6,9128283.0,10.021321961620469,2021-07-15 09:30:00,20210715,True,False,10.0,-0.1762,-10.0,-8.4314,-9.7787,0.0,9.8238
605020.SH,永和股份,10.0,4,11641794.0,10.007524454477052,2021-07-15 09:30:00,20210715,True,False,10.0,10.0,10.0,10.0,10.0,0.0,50.0
605028.SH,世茂能源,10.0,3,4829965.0,9.995953055443135,2021-07-15 09:30:00,20210715,True,False,10.0,10.0,-10.0,-8.3108,-8.7693,0.0,1.6891999999999996
002140.SZ,东华科技,10.0,3,6614759.0,9.890109890109892,2021-07-15 09:30:30,20210715,False,True,10.0,-1.2386,-4.7659,4.1264,10.0,0.0,8.7614
603171.SH,税友股份,10.0,11,1148900.0,4.41767068273093,2021-07-15 09:35:45,20210715,False,False,-9.7298,10.0,-8.2353,-6.5505,1.2862,0.0,-9.7298
605162.SH,新中港,10.0,7,7620860.0,10.012919896640831,2021-07-16 09:30:00,20210716,True,False,-0.1762,-10.0,-8.4314,-9.7787,-7.2785,0.0,-0.1762
605020.SH,永和股份,10.0,5,13359056.0,9.98632010943912,2021-07-16 09:30:00,20210716,True,False,10.0,10.0,10.0,10.0,10.0,0.0,50.0
605028.SH,世茂能源,10.0,4,6119440.0,10.00735835172921,2021-07-16 09:30:00,20210716,True,False,10.0,-10.0,-8.3108,-8.7693,-3.433,0.0,-8.3108
002923.SZ,润都股份,-6.45382767,2,,9.989701338825952,2021-07-16 09:30:00,20210716,True,False,-0.5138,-3.0616,0.4186,5.305,-3.9942,-16.45382767,-16.96762767
603171.SH,税友股份,-9.7298284,12,,4.03431909456006,2021-07-16 09:31:00,20210716,False,True,10.0,-8.2353,-6.5505,1.2862,-2.5397,-19.729828400000002,-17.965128400000005
000506.SZ,中润资源,10.0,2,10491863.0,-1.8450184501844953,2021-07-16 09:33:45,20210716,False,False,10.0,10.0,10.0,-7.5567,10.0,0.0,22.4433
605011.SH,杭州热电,10.0,12,725450.0,1.776549545992905,2021-07-16 09:37:15,20210716,False,False,-10.0,-10.0,-5.1418,-3.6916,-8.8792,0.0,-25.1418
002140.SZ,东华科技,10.0,4,527733.0,5.903723887375116,2021-07-16 09:57:30,20210716,False,False,-1.2386,-4.7659,4.1264,10.0,-10.0,0.0,-1.2386
605020.SH,永和股份,10.0,6,15533789.0,10.012437810945292,2021-07-19 09:30:00,20210719,True,False,10.0,10.0,10.0,10.0,10.0,0.0,50.0
605028.SH,世茂能源,10.0,5,5297321.0,10.000000000000009,2021-07-19 09:30:00,20210719,True,False,-10.0,-8.3108,-8.7693,-3.433,0.3346,0.0,-18.3108
002140.SZ,东华科技,-1.23864575,5,,7.266721717588777,2021-07-19 09:30:45,20210719,False,True,-4.7659,4.1264,10.0,-10.0,3.8298,-11.23864575,-16.00454575
000506.SZ,中润资源,10.0,3,11792100.0,6.375838926174494,2021-07-19 09:32:30,20210719,False,False,10.0,10.0,-7.5567,10.0,0.9901,0.0,12.4433
605020.SH,永和股份,10.0,7,12886034.0,10.005652911249289,2021-07-20 09:30:00,20210720,True,False,10.0,10.0,10.0,10.0,10.0,0.0,50.0
000506.SZ,中润资源,10.0,4,10710321.0,10.0609756097561,2021-07-20 09:30:45,20210720,False,True,10.0,-7.5567,10.0,0.9901,10.0,0.0,2.4433
002598.SZ,山东章鼓,10.0,2,2844300.0,-0.6726457399103195,2021-07-20 09:33:15,20210720,False,False,0.2039,-1.0173,4.8304,5.7843,-10.0,0.0,0.2039
605020.SH,永和股份,10.0,8,10571590.0,10.020554984583757,2021-07-21 09:30:00,20210721,True,False,10.0,10.0,10.0,10.0,10.0,0.0,50.0
002564.SZ,天沃科技,10.0,2,2977046.0,5.622489959839344,2021-07-21 09:31:30,20210721,False,True,-8.9416,2.2044,-3.7255,-7.943,1.7699,0.0,-8.9416
000506.SZ,中润资源,10.0,5,12713322.0,6.648199445983385,2021-07-21 09:32:00,20210721,False,False,-7.5567,10.0,0.9901,10.0,-10.0,0.0,-7.5567
300813.SZ,泰林生物,20.0,2,332000.0,19.999999999999993,2021-07-21 09:34:45,20210721,False,False,16.3943,-4.3013,-13.8333,6.6081,-4.9182,10.0,26.3943
000561.SZ,烽火电子,10.0,2,12006474.0,9.056603773584902,2021-07-21 14:49:08,20210721,False,False,-2.4,-0.9368,6.2648,-5.3393,-10.0,0.0,-2.4
300077.SZ,国民技术,20.0,2,1190137.0,9.935776350585577,2021-07-21 14:54:53,20210721,False,False,3.432,-3.9269,0.1901,10.7527,0.0857,10.0,13.432
605020.SH,永和股份,10.0,9,16299633.0,9.995329285380667,2021-07-22 09:30:00,20210722,True,False,10.0,10.0,10.0,10.0,10.0,0.0,50.0
605056.SH,咸亨国际,10.0,2,5760701.0,9.98613037447989,2021-07-22 09:30:00,20210722,True,False,10.0,-6.3814,10.0,-10.0,-2.2259,0.0,3.6186
605365.SH,立达信,10.0,2,4369194.0,10.007440476190482,2021-07-22 09:30:00,20210722,True,False,10.0,-7.7774,-10.0,-10.0,4.153,0.0,2.2226
002418.SZ,康盛股份,4.56730769,2,,3.8461538461538494,2021-07-22 11:08:30,20210722,False,True,-8.7356,10.0,-3.8902,7.619,-0.6637,-5.43269231,-14.16829231
605020.SH,永和股份,10.0,10,10662815.0,10.021231422505306,2021-07-23 09:30:00,20210723,True,False,10.0,10.0,10.0,10.0,-10.0,0.0,30.0
605056.SH,咸亨国际,10.0,3,1405326.0,10.00420344682641,2021-07-23 09:30:00,20210723,True,False,-6.3814,10.0,-10.0,-2.2259,10.0,0.0,-6.3814
605365.SH,立达信,10.0,3,3433909.0,10.01014541765303,2021-07-23 09:30:00,20210723,True,False,-7.7774,-10.0,-10.0,4.153,-7.7773,0.0,-7.7774
002897.SZ,意华股份,10.0,2,1549945.0,9.982014388489219,2021-07-23 09:30:15,20210723,False,True,10.0,10.0,-1.6892,4.811,-2.9508,0.0,18.3108
002176.SZ,江特电机,10.0,2,2934570.0,6.386975579211006,2021-07-23 09:51:30,20210723,False,False,-0.8537,-3.7887,-9.8449,10.0,10.0,0.0,-0.8537
003038.SZ,鑫铂股份,-3.93873085,2,,6.977875030391436,2021-07-23 10:03:30,20210723,False,False,10.0,10.0,-4.8316,10.0,1.8981,-13.938730849999999,1.2296691500000012
000572.SZ,海马汽车,10.0,2,2303100.0,6.743421052631581,2021-07-23 14:52:12,20210723,False,False,10.0,-9.375,-5.5472,0.1587,-0.9509,0.0,0.625
605020.SH,永和股份,10.0,11,8072357.0,9.996140486298726,2021-07-26 09:30:00,20210726,True,False,10.0,10.0,10.0,-10.0,5.5344,0.0,25.534399999999998
002897.SZ,意华股份,10.0,3,3134850.0,10.016353229762876,2021-07-26 09:30:00,20210726,True,False,10.0,-1.6892,4.811,-2.9508,10.0,0.0,8.3108
000572.SZ,海马汽车,10.0,3,3698000.0,0.0,2021-07-26 14:28:20,20210726,False,True,-9.375,-5.5472,0.1587,-0.9509,10.0,0.0,-9.375
605020.SH,永和股份,10.0,12,2963594.0,10.000000000000004,2021-07-27 09:30:00,20210727,True,False,10.0,10.0,-10.0,5.5344,-6.465,0.0,15.5344
002201.SZ,正威新材,10.0,2,2793933.0,10.020964360586989,2021-07-27 09:30:00,20210727,True,False,2.1341,0.9701,-10.0,-1.807,-6.5663,0.0,2.1341
002897.SZ,意华股份,10.0,4,866820.0,4.719435154217761,2021-07-27 09:31:00,20210727,False,True,-1.6892,4.811,-2.9508,10.0,-2.457,0.0,-1.6892
600490.SH,鹏欣资源,2.01465201,2,,7.326007326007333,2021-07-27 09:31:15,20210727,False,False,-10.0,5.3892,3.9773,0.3643,-5.8076,-7.98534799,-12.596147990000002
600331.SH,宏达股份,10.0,2,1241500.0,3.058103975535171,2021-07-27 10:46:30,20210727,False,False,-10.0,9.8765,-0.5618,-9.6045,-7.8125,0.0,-0.12349999999999994
002913.SZ,奥士康,10.0,2,308905.0,4.722075172048696,2021-07-27 10:53:15,20210727,False,False,-3.1088,8.2746,-3.6697,5.7143,-3.8919,0.0,-3.1088
600767.SH,运盛医疗,5.06134969,2,2310399.0,5.061349693251535,2021-07-28 09:30:00,20210728,True,False,4.9635,0.8345,4.9655,4.9934,2.378,-4.93865031,0.024849689999999924
605167.SH,利柏特,10.0,2,27236320.0,10.039113428943931,2021-07-28 09:30:00,20210728,True,False,10.0,10.0,10.0,-10.0,-10.0,0.0,10.0
605066.SH,天正电气,10.0,2,2998025.0,-0.43316831683168494,2021-07-28 09:41:15,20210728,False,True,10.0,-10.0,-2.5,-8.683,5.2967,0.0,-2.5
605020.SH,永和股份,10.0,13,927882.0,-1.1483253588516842,2021-07-28 14:54:16,20210728,False,False,10.0,-10.0,5.5344,-6.465,2.3435,0.0,5.5344
600767.SH,运盛医疗,4.96350365,3,1924766.0,4.963503649635047,2021-07-29 09:30:00,20210729,True,False,0.8345,4.9655,4.9934,2.378,-1.467,-5.03649635,-4.20199635
605066.SH,天正电气,10.0,3,2931400.0,10.011248593925746,2021-07-29 09:30:00,20210729,True,False,-10.0,-2.5,-8.683,5.2967,-1.9394,0.0,-12.5
605167.SH,利柏特,10.0,3,35694772.0,9.952606635071088,2021-07-29 09:30:00,20210729,True,False,10.0,10.0,-10.0,-10.0,4.1758,0.0,4.1758
002902.SZ,铭普光磁,7.62331839,2,,9.993593850096108,2021-07-29 09:30:00,20210729,True,False,-10.0,1.1905,-4.1176,1.4997,-2.0819,-2.3766816100000003,-11.18618161
605020.SH,永和股份,10.0,14,363084.0,9.770948100898805,2021-07-29 09:31:30,20210729,False,True,-10.0,5.5344,-6.465,2.3435,-9.8551,0.0,-4.4656
000695.SZ,滨海能源,8.42245989,2,,1.6042780748662997,2021-07-29 09:59:45,20210729,False,False,-10.0,4.2466,-5.1248,1.8006,2.9932,-1.5775401099999993,-7.330940109999999
600767.SH,运盛医疗,0.83449235,4,,5.006954102920715,2021-07-30 09:30:00,20210730,True,False,4.9655,4.9934,2.378,-1.467,4.9628,-9.16550765,-4.200007650000001
605167.SH,利柏特,10.0,4,18045713.0,10.021551724137947,2021-07-30 09:30:00,20210730,True,False,10.0,-10.0,-10.0,4.1758,-7.4895,0.0,-5.8242
603559.SH,中通国脉,10.0,2,12066379.0,10.024752475247531,2021-07-30 09:30:00,20210730,True,False,-9.4488,-8.0745,2.4324,-2.6385,-2.168,0.0,-9.4488
002455.SZ,百川股份,10.0,2,5148448.0,7.702612190221022,2021-07-30 09:31:15,20210730,False,True,10.0,-4.928,10.0,1.2176,-2.0921,0.0,5.072
603115.SH,海星股份,10.0,2,182826.0,9.673790776152973,2021-07-30 09:33:45,20210730,False,False,6.5951,-10.0,0.3197,-6.6383,9.2719,0.0,6.5951
300827.SZ,上能电气,20.0,2,447700.0,3.953963244848715,2021-07-30 10:25:45,20210730,False,False,,,,,,10.0,
603214.SH,爱婴室,10.0,2,151440.0,6.264964086193138,2021-07-30 11:24:02,20210730,False,False,-1.3058,10.0,-0.2339,-2.8801,-4.069,0.0,-1.3058
300329.SZ,海伦钢琴,20.0,2,,1.1959521619135307,2021-07-30 14:27:41,20210730,False,False,-3.9877,10.3035,-4.3447,-11.1279,1.0221,10.0,6.0123
605167.SH,利柏特,10.0,5,8578125.0,9.990205680705186,2021-08-02 09:30:00,20210802,True,False,-10.0,-10.0,4.1758,-7.4895,1.3683,0.0,-15.824200000000001
002455.SZ,百川股份,10.0,3,1241371.0,9.987819732034087,2021-08-02 09:30:00,20210802,True,False,-4.928,10.0,1.2176,-2.0921,10.0,0.0,-4.928
001210.SZ,金房节能,10.0,2,9499614.0,10.009017132551843,2021-08-02 09:30:00,20210802,True,False,10.0,-10.0,-8.9629,-8.9359,-3.3458,0.0,-8.9629
002335.SZ,科华数据,10.0,2,7811902.0,9.988606152677564,2021-08-02 09:30:00,20210802,True,False,0.4834,10.0,2.6242,-1.9787,3.0435,0.0,0.4834
603683.SH,晶华新材,9.13461538,2,,9.903846153846148,2021-08-02 09:30:15,20210802,False,True,10.0,0.8807,10.0,0.0,-6.3492,-0.8653846200000004,10.01531538
002518.SZ,科士达,5.45325779,2,,6.196883852691219,2021-08-02 09:31:30,20210802,False,False,-4.9698,10.0,2.7947,1.1875,-2.1309,-4.54674221,-9.51654221
300693.SZ,盛弘股份,14.42067241,2,,13.920533481522638,2021-08-02 09:34:00,20210802,False,False,4.4196,5.3488,-4.6358,2.6157,5.9328,4.42067241,8.84027241
601126.SH,四方股份,7.32421875,2,,7.421874999999997,2021-08-02 09:34:30,20210802,False,False,-4.4586,5.7143,-3.2432,0.4655,10.0,-2.67578125,-7.13438125
002176.SZ,江特电机,10.0,2,5123200.0,8.862144420131276,2021-08-02 09:35:30,20210802,False,False,2.4366,10.0,7.5905,6.2346,-4.556,0.0,2.4366
603115.SH,海星股份,6.59509202,3,,-3.732106339468305,2021-08-02 09:47:01,20210802,False,False,-10.0,0.3197,-6.6383,9.2719,-3.1754,-3.40490798,-13.085207980000002
300508.SZ,维宏股份,20.0,2,765148.0,8.98617511520737,2021-08-02 09:58:31,20210802,False,False,7.9877,7.1124,-5.4615,-3.0553,5.5425,10.0,17.9877
601636.SH,旗滨集团,10.0,2,886750.0,8.040442946557544,2021-08-02 13:12:00,20210802,False,False,-4.07,1.5055,-4.4944,-1.7882,-2.7791,0.0,-4.07
001210.SZ,金房节能,10.0,3,11815834.0,10.000000000000005,2021-08-03 09:30:00,20210803,True,False,-10.0,-8.9629,-8.9359,-3.3458,1.2658,0.0,-18.962899999999998
002335.SZ,科华数据,0.48342541,3,,5.28314917127071,2021-08-03 09:34:34,20210803,False,True,10.0,2.6242,-1.9787,3.0435,4.4304,-9.51657459,3.1076254100000007
002837.SZ,英维克,10.0,2,3326781.0,6.16357171078626,2021-08-03 09:38:04,20210803,False,False,10.0,6.0091,10.0,-4.4245,-0.8204,0.0,16.0091
002455.SZ,百川股份,-4.92801772,4,,0.830564784053168,2021-08-03 09:43:49,20210803,False,False,10.0,1.2176,-2.0921,10.0,10.0,-14.92801772,-3.7104177199999997
002176.SZ,江特电机,2.43659871,3,,4.1272998508204966,2021-08-03 09:46:19,20210803,False,False,10.0,7.5905,6.2346,-4.556,-7.8479,-7.56340129,10.02709871
601669.SH,中国电建,7.46268657,2,,4.104477611940293,2021-08-03 09:49:04,20210803,False,False,0.5208,-6.2176,2.2099,-2.1622,-2.0258,-2.53731343,-2.0165134300000003
002549.SZ,凯美特气,7.71992819,2,,0.0,2021-08-03 11:06:36,20210803,False,False,-0.75,-1.3434,-2.383,2.8771,0.7627,-2.28007181,-3.03007181
001210.SZ,金房节能,-10.0,4,,10.003725782414303,2021-08-04 09:30:00,20210804,True,False,-8.9629,-8.9359,-3.3458,1.2658,-3.3163,-20.0,-28.962899999999998
000829.SZ,天音控股,10.0,2,4363898.0,10.039370078740154,2021-08-04 09:30:00,20210804,True,False,7.3345,-1.3333,6.6723,10.0,-4.3916,0.0,7.3345
600815.SH,厦工股份,9.89010989,2,15132753.0,8.058608058608067,2021-08-04 09:30:08,20210804,False,True,10.0,9.0909,-9.7222,-6.1538,-1.3115,-0.10989011000000026,18.98100989
002837.SZ,英维克,10.0,3,184250.0,1.6522988505747158,2021-08-04 10:37:11,20210804,False,False,6.0091,10.0,-4.4245,-0.8204,10.0,0.0,6.0091
002782.SZ,可立克,10.0,2,11082883.0,-2.0458265139116203,2021-08-04 14:31:43,20210804,False,False,-9.5238,-3.2895,-2.7211,-0.0874,5.9493,0.0,-9.5238
002256.SZ,兆新股份,10.0,2,129183100.0,9.961685823754799,2021-08-05 09:30:00,20210805,True,False,10.1045,10.1266,10.0,10.0,10.0,0.0,50.2311
601139.SH,深圳燃气,10.0,2,33264985.0,9.977064220183475,2021-08-05 09:30:00,20210805,True,False,7.4035,-8.5437,10.0,-1.0618,-5.7561,0.0,7.4035
600815.SH,厦工股份,10.0,3,13619657.0,9.999999999999995,2021-08-05 09:31:15,20210805,False,True,9.0909,-9.7222,-6.1538,-1.3115,-2.99,0.0,9.0909
000829.SZ,天音控股,7.33452594,3,,1.1627906976744256,2021-08-05 14:39:04,20210805,False,False,-1.3333,6.6723,10.0,-4.3916,10.0,-2.66547406,-3.99877406
002256.SZ,兆新股份,10.10452962,3,107116700.0,10.10452961672474,2021-08-06 09:30:00,20210806,True,False,10.1266,10.0,10.0,10.0,10.0,0.10452961999999921,50.23112962
600815.SH,厦工股份,9.09090909,4,,10.000000000000004,2021-08-06 09:30:15,20210806,False,True,-9.7222,-6.1538,-1.3115,-2.99,-1.3699,-0.9090909099999998,-10.63129091
000009.SZ,中国宝安,7.10578842,2,,7.784431137724549,2021-08-06 09:31:00,20210806,False,False,-4.7335,0.2347,-1.6393,-2.7778,4.0,-2.8942115800000003,-7.627711580000001
603396.SH,金辰股份,10.0,2,100000.0,0.9817671809256635,2021-08-06 13:00:15,20210806,False,False,-0.1275,-6.383,10.0,10.0,7.453,0.0,-0.1275
002256.SZ,兆新股份,10.12658228,4,103311900.0,10.126582278481008,2021-08-09 09:30:00,20210809,True,False,10.0,10.0,10.0,10.0,6.0904,0.12658227999999916,46.21698228
000723.SZ,美锦能源,8.64422202,2,,10.009099181073701,2021-08-09 09:30:00,20210809,True,False,1.675,10.0,-3.7453,3.5019,10.0,-1.3557779799999992,0.3192220200000009
001211.SZ,双枪科技,10.0,2,7854016.0,9.995217599234817,2021-08-09 09:30:00,20210809,True,False,1.087,-10.0,-6.5472,-1.304,0.3368,0.0,1.087
001208.SZ,华菱线缆,10.0,2,3278408.0,5.734144222415292,2021-08-09 09:32:45,20210809,False,True,10.0,10.0,10.0,10.0,10.0,0.0,50.0
603938.SH,三孚股份,8.85961747,2,,3.302057019126666,2021-08-09 09:33:15,20210809,False,False,10.0,4.6263,3.5143,-4.0907,4.6279,-1.1403825300000001,13.48591747
300827.SZ,上能电气,20.0,3,314067.0,4.416428184701066,2021-08-09 14:17:20,20210809,False,False,12.1495,,,,,10.0,22.1495
002256.SZ,兆新股份,10.0,5,118847100.0,10.057471264367818,2021-08-10 09:30:00,20210810,True,False,10.0,10.0,10.0,6.0904,-10.0,0.0,36.0904
001211.SZ,双枪科技,1.08695652,3,,10.000000000000002,2021-08-10 09:30:00,20210810,True,False,-10.0,-6.5472,-1.304,0.3368,-0.4648,-8.91304348,-25.46024348
002667.SZ,鞍重股份,10.0,2,4346129.0,10.01137656427759,2021-08-10 09:30:00,20210810,True,False,2.7232,10.0,10.0,-10.0,-5.0847,0.0,2.7232
001208.SZ,华菱线缆,10.0,3,4470454.0,2.5276461295418664,2021-08-10 09:54:30,20210810,False,True,10.0,10.0,10.0,10.0,6.8661,0.0,46.8661
002256.SZ,兆新股份,10.0,6,121417392.0,9.921671018276758,2021-08-11 09:30:00,20210811,True,False,10.0,10.0,6.0904,-10.0,-2.4691,0.0,26.0904
600361.SH,华联综超,10.0,2,42796456.0,9.903381642512082,2021-08-11 09:30:00,20210811,True,False,10.1099,10.0,10.0,10.0,0.8996,0.0,41.009499999999996
605020.SH,永和股份,10.0,2,2655458.0,10.002532286654837,2021-08-11 09:30:00,20210811,True,False,3.4991,3.9591,10.0,-10.0,-8.5801,0.0,3.4991
603779.SH,威龙股份,3.41419587,2,,9.97304582210242,2021-08-11 09:30:15,20210811,False,True,-10.0,-3.4749,10.0,-8.8182,-0.8973,-6.58580413,-20.060704129999998
001208.SZ,华菱线缆,10.0,4,5703246.0,9.978463747307973,2021-08-11 09:31:15,20210811,False,False,10.0,10.0,10.0,6.8661,10.0,0.0,36.8661
601126.SH,四方股份,10.0,2,5695378.0,5.513016845329241,2021-08-11 09:42:30,20210811,False,False,10.0,3.5421,5.0703,-10.0,-5.0388,0.0,13.5421
002455.SZ,百川股份,10.0,2,2809064.0,4.988962472406192,2021-08-11 11:00:46,20210811,False,False,4.5746,-6.7536,2.8807,-8.48,-3.6713,0.0,4.5746
002256.SZ,兆新股份,10.0,7,103212900.0,9.976247030878858,2021-08-12 09:30:00,20210812,True,False,10.0,6.0904,-10.0,-2.4691,-6.1181,0.0,16.0904
600361.SH,华联综超,10.10989011,3,32067437.0,10.10989010989011,2021-08-12 09:30:00,20210812,True,False,10.0,10.0,10.0,0.8996,-10.0,0.10989011000000026,31.00949011
601126.SH,四方股份,10.0,3,7810298.0,10.020876826722347,2021-08-12 09:30:00,20210812,True,False,3.5421,5.0703,-10.0,-5.0388,-4.2177,0.0,3.5421
600218.SH,全柴动力,8.02469136,2,,10.030864197530855,2021-08-12 09:30:00,20210812,True,False,4.2857,10.0,4.67,10.0,-10.0,-1.9753086399999997,2.3103913600000006
605589.SH,圣泉集团,10.0,2,1685726.0,9.992111490928206,2021-08-12 09:33:00,20210812,False,True,2.8448,-9.1818,-7.6017,-0.8033,1.9268,0.0,2.8448
001208.SZ,华菱线缆,10.0,5,3797245.0,9.921671018276758,2021-08-12 09:34:00,20210812,False,False,10.0,10.0,6.8661,10.0,-10.0,0.0,26.8661
600366.SH,宁波韵升,10.0,2,4743343.0,6.244864420706653,2021-08-12 13:19:15,20210812,False,False,-2.3152,-9.633,-1.5228,1.3746,-1.7797,0.0,-2.3152
603115.SH,海星股份,6.17503332,2,,-1.377165704131507,2021-08-12 14:05:40,20210812,False,False,-7.6569,-1.6765,-3.8249,-0.0958,-3.1175,-3.82496668,-11.48186668
002256.SZ,兆新股份,10.0,8,110765300.0,9.935205183585314,2021-08-13 09:30:00,20210813,True,False,6.0904,-10.0,-2.4691,-6.1181,-4.7191,0.0,6.0904
600361.SH,华联综超,10.0,4,34619600.0,9.980039920159681,2021-08-13 09:30:00,20210813,True,False,10.0,10.0,0.8996,-10.0,2.6403,0.0,20.8996
001208.SZ,华菱线缆,10.0,6,3212363.0,8.011869436201767,2021-08-13 09:30:30,20210813,False,True,10.0,6.8661,10.0,-10.0,-10.0,0.0,16.8661
600348.SH,华阳股份,7.65993266,2,,5.13468013468013,2021-08-13 10:01:30,20210813,False,False,-1.0946,-9.8814,0.1754,-1.1384,-3.2772,-2.34006734,-3.43466734
002518.SZ,科士达,10.0,2,1655323.0,3.668261562998412,2021-08-13 10:17:30,20210813,False,False,-6.2591,-10.0,0.0286,2.3482,10.0,0.0,-6.2591
601126.SH,四方股份,3.54206199,4,,4.933586337760907,2021-08-13 10:28:30,20210813,False,False,5.0703,-10.0,-5.0388,-4.2177,2.2017,-6.4579380099999995,-1.3876380099999999
000676.SZ,智度股份,10.0,2,5793839.0,4.084720121028738,2021-08-13 13:05:01,20210813,False,False,2.8886,-6.6845,2.149,5.6101,4.9137,0.0,2.8886
600032.SH,浙江新能,10.0,2,4502807.0,3.181427343078239,2021-08-13 14:47:13,20210813,False,False,10.0,-4.6908,-5.9657,-9.8335,0.3518,0.0,5.3092
002256.SZ,兆新股份,6.09037328,9,,10.019646365422393,2021-08-16 09:30:00,20210816,True,False,-10.0,-2.4691,-6.1181,-4.7191,10.0,-3.9096267200000003,-16.37872672
600361.SH,华联综超,10.0,5,27132101.0,9.981851179673319,2021-08-16 09:30:00,20210816,True,False,10.0,0.8996,-10.0,2.6403,-0.3215,0.0,10.8996
605588.SH,冠石科技,10.0,2,1977453.0,9.99309233248907,2021-08-16 09:30:00,20210816,True,False,10.0,10.0,10.0,-10.0,-2.8482,0.0,17.1518
001208.SZ,华菱线缆,10.0,7,2927074.0,9.978425026968724,2021-08-16 09:30:30,20210816,False,True,6.8661,10.0,-10.0,-10.0,-0.8243,0.0,6.8661
002882.SZ,金龙羽,10.0,2,4047000.0,9.96409335727109,2021-08-16 09:30:30,20210816,False,False,10.0,10.0,-5.2596,4.0569,-0.342,0.0,14.740400000000001
002155.SZ,湖南黄金,3.57470211,2,,4.032997250229143,2021-08-16 09:35:15,20210816,False,False,3.0088,-0.945,10.0,9.858,4.2355,-6.4252978899999995,-3.4164978899999996
600032.SH,浙江新能,10.0,3,6586965.0,1.407349491790473,2021-08-16 09:43:18,20210816,False,False,-4.6908,-5.9657,-9.8335,0.3518,1.227,0.0,-4.6908
000676.SZ,智度股份,2.88858322,3,,1.1004126547455306,2021-08-16 13:45:49,20210816,False,False,-6.6845,2.149,5.6101,4.9137,0.6329,-7.11141678,-13.795916779999999
300985.SZ,致远新能,20.0,2,435507.0,1.9541206457094344,2021-08-16 14:43:01,20210816,False,False,-15.0619,-8.9394,-6.9565,-4.0826,2.9231,10.0,-5.0619
600361.SH,华联综超,10.0,6,10339992.0,10.06600660066007,2021-08-17 09:30:00,20210817,True,False,0.8996,-10.0,2.6403,-0.3215,2.4194,0.0,0.8996
605588.SH,冠石科技,10.0,3,2118464.0,10.006280092108005,2021-08-17 09:30:00,20210817,True,False,10.0,10.0,-10.0,-2.8482,4.8561,0.0,7.1518
605167.SH,利柏特,-3.95778364,2,,10.026385224274412,2021-08-17 09:30:00,20210817,True,False,2.9304,-10.0,-6.5217,2.7484,0.6173,-13.95778364,-11.02738364
605011.SH,杭州热电,10.0,2,1780190.0,9.706546275395045,2021-08-17 09:32:00,20210817,False,True,10.0,-10.0,-10.0,-3.453,-3.052,0.0,-13.453
002882.SZ,金龙羽,10.0,3,217000.0,0.1632653061224455,2021-08-17 10:23:20,20210817,False,False,10.0,-5.2596,4.0569,-0.342,-10.0,0.0,4.7404
001208.SZ,华菱线缆,6.86611084,8,,5.689063266307014,2021-08-17 10:23:50,20210817,False,False,10.0,-10.0,-10.0,-0.8243,-0.1039,-3.13388916,-13.95818916
605588.SH,冠石科技,10.0,4,920134.0,10.00951474785919,2021-08-18 09:30:00,20210818,True,False,10.0,-10.0,-2.8482,4.8561,-6.1407,0.0,-2.8482
605069.SH,正和生态,10.0,2,9673931.0,10.012515644555705,2021-08-18 09:30:00,20210818,True,False,10.0,-10.0,-10.0,-2.3404,-5.0545,0.0,-12.340399999999999
001207.SZ,联科科技,10.0,2,463798.0,4.472516217138963,2021-08-18 09:30:30,20210818,False,True,-10.0,3.4483,-10.0,-6.331,1.7787,0.0,-6.5517
605011.SH,杭州热电,10.0,3,2341283.0,6.688551497743122,2021-08-18 09:31:00,20210818,False,False,-10.0,-10.0,-3.453,-3.052,10.0,0.0,-23.453
002986.SZ,宇新股份,10.0,2,406881.0,5.199698568198945,2021-08-18 09:31:15,20210818,False,False,6.0516,1.2059,-2.1702,3.2405,0.1475,0.0,6.0516
002941.SZ,新疆交建,10.0,2,5589361.0,3.568464730290454,2021-08-18 09:34:00,20210818,False,False,-9.5777,2.3353,-5.053,-4.1202,1.88,0.0,-9.5777
002599.SZ,盛通股份,10.0,2,5986400.0,3.9603960396039644,2021-08-18 09:39:15,20210818,False,False,10.0,10.0,10.0,-9.009,1.2376,0.0,20.991
003039.SZ,顺控发展,10.0,2,1632786.0,0.8512902367650789,2021-08-18 13:55:55,20210818,False,False,-10.0,-6.6631,-1.871,4.2241,-2.5612,0.0,-16.6631
002882.SZ,金龙羽,10.0,4,607400.0,-6.5281899109792345,2021-08-18 14:13:23,20210818,False,False,-5.2596,4.0569,-0.342,-10.0,1.753,0.0,-5.2596
002599.SZ,盛通股份,10.0,3,4674951.0,10.044977511244378,2021-08-19 09:30:00,20210819,True,False,10.0,10.0,-9.009,1.2376,10.0,0.0,10.991
605069.SH,正和生态,10.0,3,1115833.0,10.01137656427759,2021-08-19 09:30:00,20210819,True,False,-10.0,-10.0,-2.3404,-5.0545,-3.2584,0.0,-22.3404
002300.SZ,太阳电缆,10.0,2,4427054.0,8.40108401084011,2021-08-19 09:30:15,20210819,False,True,-8.867,-0.8108,5.1771,-2.7202,10.0,0.0,-8.867
605011.SH,杭州热电,-10.0,4,,8.168593808280496,2021-08-19 09:30:30,20210819,False,False,-10.0,-3.453,-3.052,10.0,2.102,-20.0,-33.453
605588.SH,冠石科技,10.0,5,213532.0,0.3286628610966921,2021-08-19 09:33:00,20210819,False,False,-10.0,-2.8482,4.8561,-6.1407,-5.318,0.0,-12.8482
605399.SH,晨光新材,10.0,2,248173.0,1.5004413062665432,2021-08-19 14:43:43,20210819,False,False,0.7756,-0.9554,-2.0632,10.0,0.4974,0.0,0.7756
002599.SZ,盛通股份,10.0,4,1294167.0,3.5422343324250654,2021-08-20 09:36:15,20210820,False,True,10.0,-9.009,1.2376,10.0,10.0,0.0,0.9909999999999997
002939.SZ,长城证券,10.0,2,7710266.0,2.214650766609879,2021-08-20 10:01:17,20210820,False,False,-4.6476,0.8123,-4.5125,-3.5443,-3.8495,0.0,-4.6476
600773.SH,西藏城投,10.0,2,100000.0,1.475728155339802,2021-08-20 14:38:04,20210820,False,False,-0.7766,4.9449,9.1186,-8.1081,2.4679,0.0,-0.7766
002529.SZ,海源复材,10.0,2,,-0.8695652173913052,2021-08-20 14:39:16,20210820,False,False,0.7415,10.0,-2.3194,-3.9726,0.5706,0.0,0.7415
605580.SH,恒盛能源,10.0,2,33952387.0,10.015060240963855,2021-08-23 09:30:00,20210823,True,False,10.0,10.0,10.0,2.0566,-9.2695,0.0,32.0566
002369.SZ,卓翼科技,10.0,2,9671400.0,7.107231920199506,2021-08-23 09:37:00,20210823,False,True,-9.2971,-6.375,0.0,-0.8011,4.0377,0.0,-9.2971
002599.SZ,盛通股份,10.0,5,6044416.0,3.7174721189590945,2021-08-23 09:43:15,20210823,False,False,-9.009,1.2376,10.0,10.0,10.0,0.0,-9.009
605580.SH,恒盛能源,10.0,3,38262278.0,9.993155373032176,2021-08-24 09:30:00,20210824,True,False,10.0,10.0,2.0566,-9.2695,0.4997,0.0,22.0566
002248.SZ,华东数控,10.0,2,42406886.0,9.987669543773126,2021-08-24 09:30:00,20210824,True,False,10.0,10.0,7.4143,10.0,10.0,0.0,27.4143
300809.SZ,华辰装备,20.0,2,599389.0,19.994514536478327,2021-08-24 09:30:00,20210824,True,False,4.2286,14.057,-3.3647,20.0,,10.0,14.2286
601882.SH,海天精工,10.0,2,4114799.0,9.988982739625408,2021-08-24 09:30:00,20210824,True,False,5.6093,6.8606,-3.6095,5.0952,-3.3294,0.0,5.6093
002369.SZ,卓翼科技,-9.29705215,3,,8.503401360544217,2021-08-24 09:31:00,20210824,False,True,-6.375,0.0,-0.8011,4.0377,-5.6921,-19.29705215,-25.67205215
600727.SH,鲁北化工,6.3729347,2,,2.2816679779700952,2021-08-24 10:14:49,20210824,False,False,-4.9556,-0.3891,4.375,1.4222,10.0,-3.6270653,-8.582665299999999
605580.SH,恒盛能源,10.0,4,37012784.0,10.018668326073424,2021-08-25 09:30:00,20210825,True,False,10.0,2.0566,-9.2695,0.4997,-10.0,0.0,12.0566
002248.SZ,华东数控,10.0,3,11038027.0,9.97757847533633,2021-08-25 09:30:00,20210825,True,False,10.0,7.4143,10.0,10.0,-9.3371,0.0,17.4143
600961.SH,株冶集团,10.0,2,3296221.0,9.999999999999998,2021-08-25 09:30:00,20210825,True,False,10.0,5.9354,-0.8511,1.4306,-10.0,0.0,15.9354
002897.SZ,意华股份,10.0,2,2718680.0,4.82483097725876,2021-08-25 09:31:00,20210825,False,True,6.4543,10.0,6.7287,-5.1643,0.8487,0.0,6.4543
003038.SZ,鑫铂股份,10.0,2,598500.0,9.533721898417982,2021-08-25 09:35:45,20210825,False,False,10.0,4.3531,0.5771,2.2623,-7.6948,0.0,14.353100000000001
601882.SH,海天精工,5.60934891,3,,6.67779632721202,2021-08-25 09:51:15,20210825,False,False,6.8606,-3.6095,5.0952,-3.3294,-10.0,-4.39065109,2.4699489099999994
600641.SH,万业企业,10.0,2,593820.0,1.6191210485736243,2021-08-25 11:23:33,20210825,False,False,-10.0,-0.3893,-0.1563,-1.4873,-5.88,0.0,-10.3893
605580.SH,恒盛能源,10.0,5,52997916.0,10.011312217194567,2021-08-26 09:30:00,20210826,True,False,2.0566,-9.2695,0.4997,-10.0,0.4294,0.0,2.0566
605577.SH,龙版传媒,10.0,2,30677545.0,10.010537407797674,2021-08-26 09:30:00,20210826,True,False,10.0,10.0,10.0,10.0,-1.8325,0.0,38.1675
003038.SZ,鑫铂股份,10.0,3,111200.0,4.087812263436784,2021-08-26 09:32:01,20210826,False,True,4.3531,0.5771,2.2623,-7.6948,3.4734,0.0,4.3531
600961.SH,株冶集团,10.0,3,5821545.0,4.214876033057849,2021-08-26 09:33:16,20210826,False,False,5.9354,-0.8511,1.4306,-10.0,-2.3511,0.0,5.9354
002897.SZ,意华股份,6.45431685,3,,4.777870913663037,2021-08-26 09:59:46,20210826,False,False,10.0,6.7287,-5.1643,0.8487,10.0,-3.5456831500000003,13.18301685
002248.SZ,华东数控,10.0,4,6319400.0,4.179408766564731,2021-08-26 10:14:20,20210826,False,False,7.4143,10.0,10.0,-9.3371,2.2013,0.0,7.4143
605580.SH,恒盛能源,2.05655527,6,,10.025706940874034,2021-08-27 09:30:00,20210827,True,False,-9.2695,0.4997,-10.0,0.4294,2.5046,-7.9434447299999995,-17.21294473
605577.SH,龙版传媒,10.0,3,26761471.0,9.961685823754799,2021-08-27 09:30:00,20210827,True,False,10.0,10.0,10.0,-1.8325,-1.0,0.0,28.1675
003038.SZ,鑫铂股份,4.35306263,4,,0.017205781142472672,2021-08-27 09:34:00,20210827,False,True,0.5771,2.2623,-7.6948,3.4734,0.7049,-5.64693737,-5.06983737
002248.SZ,华东数控,7.41427247,5,,1.9462465245597855,2021-08-27 10:04:31,20210827,False,False,10.0,10.0,-9.3371,2.2013,4.3846,-2.5857275299999998,8.07717247
600961.SH,株冶集团,5.93538693,4,,0.0,2021-08-27 13:33:30,20210827,False,False,-0.8511,1.4306,-10.0,-2.3511,-2.5682,-4.06461307,-4.91571307
605577.SH,龙版传媒,10.0,4,31764494.0,10.017421602787458,2021-08-30 09:30:00,20210830,True,False,10.0,10.0,-1.8325,-1.0,3.7037,0.0,18.1675
002599.SZ,盛通股份,10.0,2,2262880.0,4.949494949494952,2021-08-30 09:30:30,20210830,False,True,-10.0,-5.102,-1.2903,-5.2288,10.0,0.0,-15.102
603505.SH,金石资源,10.0,2,115210.0,-0.02462447672986459,2021-08-30 09:47:07,20210830,False,False,5.91,-6.9964,10.0,-6.0124,-1.231,0.0,5.91
002256.SZ,兆新股份,10.0,2,,2.214650766609879,2021-08-30 10:03:15,20210830,False,False,-5.5728,4.4262,-3.2967,-7.3052,5.2539,0.0,-5.5728
600243.SH,青海华鼎,10.0,2,3718700.0,-1.6949152542372856,2021-08-30 13:21:11,20210830,False,False,10.0,10.0,1.983,-6.5278,-10.0,0.0,21.983
605577.SH,龙版传媒,10.0,5,24929238.0,9.976247030878858,2021-08-31 09:30:00,20210831,True,False,10.0,-1.8325,-1.0,3.7037,-2.7922,0.0,8.1675
000815.SZ,美利云,10.0,2,31831096.0,10.0609756097561,2021-08-31 09:30:00,20210831,True,False,10.0,7.4307,-10.0,-8.4635,2.276,0.0,17.4307
600243.SH,青海华鼎,10.0,3,1803800.0,2.739726027397263,2021-08-31 09:32:46,20210831,False,True,10.0,1.983,-6.5278,-10.0,4.2904,0.0,11.983
002895.SZ,川恒股份,10.0,2,237700.0,0.692259282567649,2021-08-31 10:30:49,20210831,False,False,-1.6018,6.7442,-8.4695,-3.8976,7.8328,0.0,-1.6018
600096.SH,云天化,10.0,2,3690768.0,2.6257231864708497,2021-08-31 10:49:34,20210831,False,False,-5.7443,10.0,-3.6286,-3.1174,10.0,0.0,-5.7443
002539.SZ,云图控股,8.96892655,2,,-0.2118644067796565,2021-08-31 13:13:03,20210831,False,False,-5.8328,10.0,2.3154,-3.5474,7.1655,-1.0310734499999992,-6.863873449999999
605577.SH,龙版传媒,10.0,6,1181068.0,10.007199424046068,2021-09-01 09:30:00,20210901,True,False,-1.8325,-1.0,3.7037,-2.7922,-3.9412,0.0,-1.8325
000815.SZ,美利云,10.0,3,18368747.0,9.972299168975077,2021-09-01 09:30:30,20210901,False,True,7.4307,-10.0,-8.4635,2.276,-1.2517,0.0,7.4307
002774.SZ,快意电梯,10.0,2,3680375.0,7.179487179487173,2021-09-01 09:32:00,20210901,False,False,10.0,-4.0678,-10.0,0.4907,0.5859,0.0,5.9322
600295.SH,鄂尔多斯,6.64094792,2,,4.987599889776805,2021-09-01 09:39:01,20210901,False,False,1.2661,-10.0,-5.6138,4.6561,10.0,-3.3590520799999997,-2.09295208
600243.SH,青海华鼎,10.0,4,2296699.0,2.8037383177570048,2021-09-01 11:00:08,20210901,False,False,1.983,-6.5278,-10.0,4.2904,-4.1139,0.0,1.983
002774.SZ,快意电梯,10.0,3,4579663.0,9.972041006523767,2021-09-02 09:30:00,20210902,True,False,-4.0678,-10.0,0.4907,0.5859,-3.6893,0.0,-4.0678
000540.SZ,中天金融,10.0,2,66579025.0,10.0,2021-09-02 09:30:00,20210902,True,False,10.101,-4.2813,-1.5974,-3.2468,-2.0134,0.0,5.819700000000001
000935.SZ,四川双马,7.38255034,2,,5.369127516778535,2021-09-02 09:44:46,20210902,False,True,-10.0,-6.4134,1.2222,-2.1992,5.0265,-2.61744966,-19.03084966
002350.SZ,北京科锐,10.0,2,5248268.0,3.7593984962405878,2021-09-02 13:03:05,20210902,False,False,10.0,-4.7619,-6.3043,-4.7564,1.5834,0.0,5.2381
000815.SZ,美利云,7.43073048,4,,4.534005037783379,2021-09-02 13:57:56,20210902,False,False,-10.0,-8.4635,2.276,-1.2517,-2.3944,-2.5692695199999998,-21.03276952
002774.SZ,快意电梯,-4.06779661,4,,9.999999999999996,2021-09-03 09:30:00,20210903,True,False,-10.0,0.4907,0.5859,-3.6893,-2.2177,-14.06779661,-23.57709661
000540.SZ,中天金融,10.1010101,3,56153086.0,10.101010101010095,2021-09-03 09:30:00,20210903,True,False,-4.2813,-1.5974,-3.2468,-2.0134,0.0,0.10101009999999988,-4.1802899
002350.SZ,北京科锐,10.0,3,5277759.0,10.022779043280194,2021-09-03 09:30:00,20210903,True,False,-4.7619,-6.3043,-4.7564,1.5834,-3.5971,0.0,-4.7619
002487.SZ,大金重工,5.77507599,2,,10.030395136778118,2021-09-06 09:30:00,20210906,True,False,1.5086,1.8401,-5.8374,-0.2214,10.0,-4.22492401,-2.7163240099999997
600163.SH,中闽能源,10.0,2,14568171.0,10.043041606886659,2021-09-06 09:30:00,20210906,True,False,10.0,10.0,-7.9741,-3.5129,-1.0922,0.0,12.0259
600863.SH,内蒙华电,10.0,2,2177175.0,9.999999999999995,2021-09-06 09:30:00,20210906,True,False,4.2424,9.8837,-7.1429,-3.9886,10.0,0.0,4.2424
000791.SZ,甘肃电投,10.0,2,1287900.0,1.2658227848101156,2021-09-06 09:33:47,20210906,False,True,-1.3158,5.8333,-6.1417,-4.698,6.338,0.0,-1.3158
600011.SH,华能国际,3.82436261,2,,6.2322946175637455,2021-09-06 09:34:47,20210906,False,False,-3.0014,-0.1406,-1.6901,-2.8653,2.3599,-6.17563739,-9.17703739
603507.SH,振江股份,10.0,2,243334.0,0.19662921348314685,2021-09-06 09:57:02,20210906,False,False,-5.8223,-8.1074,-2.1245,-4.5222,10.0,0.0,-5.8223
002349.SZ,精华制药,5.23952096,2,,10.029940119760479,2021-09-07 09:30:00,20210907,True,False,1.138,-4.5007,-7.511,1.5924,-2.9781,-4.76047904,-3.62247904
600683.SH,京投发展,10.10309278,2,61903749.0,10.10309278350516,2021-09-07 09:30:00,20210907,True,False,10.0,10.0,10.0,3.2349,-7.3569,0.10309278000000077,33.33799278
600163.SH,中闽能源,10.0,3,5701806.0,5.345501955671449,2021-09-07 09:32:15,20210907,False,True,10.0,-7.9741,-3.5129,-1.0922,-0.4908,0.0,2.0259
600688.SH,上海石化,10.0,2,6089552.0,5.326876513317186,2021-09-07 13:00:10,20210907,False,False,-0.8811,0.6667,-3.9735,2.2989,6.0674,0.0,-0.8811
600683.SH,京投发展,10.0,3,56776918.0,9.925093632958808,2021-09-08 09:30:00,20210908,True,False,10.0,10.0,3.2349,-7.3569,-0.7353,0.0,23.2349
000537.SZ,广宇发展,10.0,2,50025060.0,9.948542024013722,2021-09-08 09:30:00,20210908,True,False,10.0,10.0,10.0,10.0,10.0,0.0,50.0
001215.SZ,千味央厨,10.0,2,16107326.0,10.008038585209011,2021-09-08 09:30:00,20210908,True,False,10.0,10.0,10.0,10.0,10.0,0.0,50.0
600618.SH,氯碱化工,10.0,2,18862220.0,10.038022813688215,2021-09-08 09:30:00,20210908,True,False,10.0,10.0,6.9103,-4.4872,1.7897,0.0,26.9103
600163.SH,中闽能源,10.0,4,8740877.0,8.412322274881527,2021-09-08 09:30:45,20210908,False,True,-7.9741,-3.5129,-1.0922,-0.4908,1.1097,0.0,-7.9741
000852.SZ,石化机械,10.0,2,7958381.0,9.546165884194059,2021-09-08 09:31:45,20210908,False,False,10.0,0.2587,-10.0,1.7192,1.4085,0.0,10.2587
600725.SH,云维股份,10.0,2,11645000.0,7.692307692307699,2021-09-08 09:39:15,20210908,False,False,1.5284,1.0753,-4.0426,-7.0953,10.0,0.0,1.5284
603897.SH,长城科技,10.0,2,,4.578833693304546,2021-09-08 13:00:32,20210908,False,False,-2.1206,5.5366,-2.2999,-2.0623,-2.503,0.0,-2.1206
000681.SZ,视觉中国,10.0,2,3044303.0,7.106598984771568,2021-09-08 13:45:42,20210908,False,False,-10.0,-1.6656,2.3453,-6.3654,-0.7478,0.0,-11.6656
600683.SH,京投发展,10.0,4,29026386.0,10.051107325383303,2021-09-09 09:30:00,20210909,True,False,10.0,3.2349,-7.3569,-0.7353,8.5926,0.0,13.2349
000537.SZ,广宇发展,10.0,3,44601073.0,9.984399375975034,2021-09-09 09:30:00,20210909,True,False,10.0,10.0,10.0,10.0,10.0,0.0,50.0
001215.SZ,千味央厨,10.0,3,12533322.0,10.010960906101564,2021-09-09 09:30:00,20210909,True,False,10.0,10.0,10.0,10.0,10.0,0.0,50.0
600618.SH,氯碱化工,10.0,3,8299768.0,10.02073255010366,2021-09-09 09:30:00,20210909,True,False,10.0,6.9103,-4.4872,1.7897,4.9451,0.0,16.9103
002748.SZ,世龙实业,10.0,2,12538600.0,10.053475935828871,2021-09-09 09:30:00,20210909,True,False,10.0,10.0,3.9357,-5.6414,6.3882,0.0,23.9357
000852.SZ,石化机械,10.0,3,11549754.0,9.53058321479374,2021-09-09 09:30:15,20210909,False,True,0.2587,-10.0,1.7192,1.4085,2.0833,0.0,0.2587
600367.SH,红星发展,10.0,2,3222908.0,5.707196029776686,2021-09-09 09:31:00,20210909,False,False,-3.2025,6.5704,3.1045,-0.8906,-6.0334,0.0,-3.2025
600725.SH,云维股份,1.52838428,3,,7.641921397379905,2021-09-09 09:31:30,20210909,False,False,1.0753,-4.0426,-7.0953,10.0,-3.4707,-8.471615719999999,-7.396315719999999
600740.SH,山西焦化,10.0,2,6305395.0,8.212560386473427,2021-09-09 10:11:46,20210909,False,False,0.9658,0.0,-6.4348,-0.3717,-5.2239,0.0,0.9658
000537.SZ,广宇发展,10.0,4,42202745.0,10.070921985815604,2021-09-10 09:30:00,20210910,True,False,10.0,10.0,10.0,10.0,10.0,0.0,50.0
001215.SZ,千味央厨,10.0,4,12848068.0,9.996678844237787,2021-09-10 09:30:00,20210910,True,False,10.0,10.0,10.0,10.0,10.0,0.0,50.0
002748.SZ,世龙实业,10.0,3,8194270.0,10.009718172983492,2021-09-10 09:30:00,20210910,True,False,10.0,3.9357,-5.6414,6.3882,-10.0,0.0,13.9357
000816.SZ,智慧农业,10.1369863,2,29029000.0,10.136986301369854,2021-09-10 09:30:00,20210910,True,False,10.0,-5.2036,-0.2387,-9.0909,1.3158,0.13698630000000023,4.9333863000000004
000937.SZ,冀中能源,10.0,2,7234146.0,10.061919504643967,2021-09-10 09:30:00,20210910,True,False,10.0,10.0,8.1395,10.0,-10.0,0.0,28.139499999999998
000968.SZ,蓝焰控股,1.76619008,2,,10.008410428931871,2021-09-10 09:30:00,20210910,True,False,10.0,-2.3291,1.4615,-1.8196,5.7143,-8.23380992,-0.5629099200000005
001213.SZ,中铁特货,10.0,2,35780194.0,10.047846889952167,2021-09-10 09:30:00,20210910,True,False,10.0,10.0,1.7964,-10.0,-7.8431,0.0,21.7964
600683.SH,京投发展,10.0,5,6779032.0,9.752321981424146,2021-09-10 09:30:46,20210910,False,True,3.2349,-7.3569,-0.7353,8.5926,-5.7299,0.0,3.2349
603351.SH,威尔药业,10.0,2,603992.0,-0.4767580452920182,2021-09-10 11:04:02,20210910,False,False,4.7671,-8.2385,3.7941,-1.6287,10.0,0.0,4.7671
600618.SH,氯碱化工,10.0,4,89300.0,3.077889447236182,2021-09-10 13:19:19,20210910,False,False,6.9103,-4.4872,1.7897,4.9451,-0.5759,0.0,6.9103
000537.SZ,广宇发展,10.0,5,41703900.0,10.05154639175257,2021-09-13 09:30:00,20210913,True,False,10.0,10.0,10.0,10.0,10.0,0.0,50.0
001215.SZ,千味央厨,10.0,5,20251075.0,9.993961352657012,2021-09-13 09:30:00,20210913,True,False,10.0,10.0,10.0,10.0,10.0,0.0,50.0
000937.SZ,冀中能源,10.0,3,69710215.0,9.985935302390999,2021-09-13 09:30:00,20210913,True,False,10.0,8.1395,10.0,-10.0,10.0,0.0,18.139499999999998
605599.SH,菜百股份,10.0,2,26770553.0,9.974747474747486,2021-09-13 09:30:00,20210913,True,False,-6.4868,-9.6378,-4.0082,-4.3171,1.1834,0.0,-6.4868
002748.SZ,世龙实业,10.0,4,3402437.0,8.65724381625442,2021-09-13 09:31:01,20210913,False,True,3.9357,-5.6414,6.3882,-10.0,-4.1916,0.0,3.9357
600259.SH,广晟有色,10.0,2,,5.009986684420781,2021-09-13 09:45:16,20210913,False,False,10.0,-7.8553,-3.7922,-4.2831,0.0486,0.0,2.1447000000000003
001213.SZ,中铁特货,10.0,3,9990786.0,1.5942028985507164,2021-09-13 09:57:17,20210913,False,False,10.0,1.7964,-10.0,-7.8431,-8.0851,0.0,11.7964
000816.SZ,智慧农业,10.0,3,17867765.0,9.950248756218915,2021-09-13 14:11:37,20210913,False,False,-5.2036,-0.2387,-9.0909,1.3158,-1.8182,0.0,-5.2036
000537.SZ,广宇发展,10.0,6,36231041.0,9.953161592505872,2021-09-14 09:30:00,20210914,True,False,10.0,10.0,10.0,10.0,10.0,0.0,50.0
001215.SZ,千味央厨,10.0,6,20076512.0,9.991765028822401,2021-09-14 09:30:00,20210914,True,False,10.0,10.0,10.0,10.0,10.0,0.0,50.0
000937.SZ,冀中能源,10.0,4,58007652.0,9.97442455242966,2021-09-14 09:30:00,20210914,True,False,8.1395,10.0,-10.0,10.0,-10.0,0.0,8.1395
002748.SZ,世龙实业,3.93574297,5,,8.032128514056225,2021-09-14 09:32:00,20210914,False,True,-5.6414,6.3882,-10.0,-4.1916,-4.375,-6.06425703,-11.705657030000001
001213.SZ,中铁特货,10.0,4,19753984.0,3.820816864295126,2021-09-14 09:32:30,20210914,False,False,1.7964,-10.0,-7.8431,-8.0851,0.6173,0.0,1.7964
603088.SH,宁波精达,6.01023018,2,,2.0460358056266004,2021-09-14 09:35:15,20210914,False,False,-4.4632,7.9545,-6.5497,2.2528,10.0,-3.9897698200000002,-8.45296982
002606.SZ,大连电瓷,7.96277146,2,,3.412616339193382,2021-09-14 09:40:15,20210914,False,False,2.4904,10.0,-1.4444,10.0,-3.9969,-2.03722854,0.4531714600000001
002529.SZ,海源复材,10.0,2,924900.0,9.851485148514861,2021-09-14 09:57:47,20210914,False,False,1.2601,-10.0,-0.642,10.0,6.4166,0.0,1.2601
002667.SZ,鞍重股份,10.0,2,316510.0,5.076300218000631,2021-09-14 10:49:31,20210914,False,False,10.0,-10.0,2.7452,-8.4887,-10.0,0.0,2.7452
002170.SZ,芭田股份,0.55248619,2,,0.0,2021-09-14 13:00:14,20210914,False,False,6.456,-4.5161,0.9459,2.4096,-8.366,-9.44751381,-2.99151381
000537.SZ,广宇发展,10.0,7,43816496.0,10.010649627263039,2021-09-15 09:30:00,20210915,True,False,10.0,10.0,10.0,10.0,10.0,0.0,50.0
001215.SZ,千味央厨,10.0,7,17345066.0,10.007486897928619,2021-09-15 09:30:00,20210915,True,False,10.0,10.0,10.0,10.0,-10.0,0.0,30.0
001896.SZ,豫能控股,10.0,2,10743409.0,9.966777408637878,2021-09-15 09:30:00,20210915,True,False,-4.0282,10.0,-0.5725,-7.9655,-8.2377,0.0,-4.0282
002886.SZ,沃特股份,1.25862769,2,,4.466098254161597,2021-09-15 09:31:45,20210915,False,True,-0.9623,0.4453,1.0077,-2.1947,-6.7319,-8.74137231,-9.70367231
001213.SZ,中铁特货,1.79640719,5,,7.544910179640728,2021-09-15 09:34:31,20210915,False,False,-10.0,-7.8431,-8.0851,0.6173,-5.0613,-8.20359281,-26.04669281
002539.SZ,云图控股,10.0,2,1941850.0,3.1746031746031775,2021-09-15 09:41:16,20210915,False,False,-3.5167,5.0467,-0.4448,-10.0,-10.0,0.0,-3.5167
002667.SZ,鞍重股份,10.0,3,932800.0,1.9535673839184533,2021-09-15 09:47:16,20210915,False,False,-10.0,2.7452,-8.4887,-10.0,-7.5701,0.0,-7.2547999999999995
002487.SZ,大金重工,10.0,2,2504850.0,0.24449877750610727,2021-09-15 11:22:53,20210915,False,False,6.1667,10.0,9.4196,-2.8261,-3.7584,0.0,6.1667
300437.SZ,清水源,20.0,2,36732.0,4.766633565044692,2021-09-15 13:50:42,20210915,False,False,1.2826,3.7173,,,,10.0,11.2826
000937.SZ,冀中能源,8.13953488,5,,5.697674418604654,2021-09-15 13:57:54,20210915,False,False,10.0,-10.0,10.0,-10.0,-10.0,-1.8604651200000006,-11.86046512
000537.SZ,广宇发展,10.0,8,38231286.0,9.97095837366892,2021-09-16 09:30:00,20210916,True,False,10.0,10.0,10.0,10.0,-10.0,0.0,30.0
001215.SZ,千味央厨,10.0,8,20596269.0,10.004537205081677,2021-09-16 09:30:00,20210916,True,False,10.0,10.0,10.0,-10.0,6.1801,0.0,26.1801
001215.SZ,千味央厨,10.0,9,13834283.0,10.002062280882658,2021-09-17 09:30:00,20210917,True,False,10.0,10.0,-10.0,6.1801,-5.0422,0.0,16.1801
002165.SZ,红宝丽,10.0,2,26955956.0,10.066225165562923,2021-09-17 09:30:00,20210917,True,False,10.0,3.3917,-4.7619,-10.0,-4.321,0.0,13.3917
600955.SH,维远股份,10.0,2,8184188.0,9.993593850096092,2021-09-17 09:30:00,20210917,True,False,10.0,1.4825,0.5217,-10.0,-10.0,0.0,11.4825
603948.SH,建业股份,10.0,2,5483800.0,9.985683607730847,2021-09-17 09:30:00,20210917,True,False,10.0,8.8757,-10.0,-10.0,6.7427,0.0,18.875700000000002
000537.SZ,广宇发展,10.0,9,7661254.0,5.633802816901413,2021-09-17 09:30:15,20210917,False,True,10.0,10.0,10.0,-10.0,10.0,0.0,30.0
600470.SH,六国化工,10.0,2,3831115.0,-0.2036659877800364,2021-09-17 09:57:16,20210917,False,False,5.2778,-10.0,-9.3842,-8.3064,1.0588,0.0,5.2778
603985.SH,恒润股份,10.0,2,60743.0,-1.610017889087654,2021-09-17 10:17:31,20210917,False,False,10.0,-1.3807,-0.825,-5.7726,6.367,0.0,8.619299999999999
001215.SZ,千味央厨,10.0,10,27208165.0,9.992500937382822,2021-09-22 09:30:00,20210922,True,False,10.0,-10.0,6.1801,-5.0422,-8.1612,0.0,6.1801
002165.SZ,红宝丽,10.0,3,30866050.0,9.987966305655835,2021-09-22 09:30:00,20210922,True,False,3.3917,-4.7619,-10.0,-4.321,-6.7097,0.0,3.3917
600955.SH,维远股份,10.0,3,1621299.0,9.998058629392348,2021-09-22 09:30:00,20210922,True,False,1.4825,0.5217,-10.0,-10.0,1.431,0.0,1.4825
603948.SH,建业股份,10.0,3,1752321.0,9.990237552879911,2021-09-22 09:30:00,20210922,True,False,8.8757,-10.0,-10.0,6.7427,10.0,0.0,8.8757
605033.SH,美邦股份,10.0,2,4735923.0,9.99999999999999,2021-09-22 09:30:00,20210922,True,False,-3.5278,-10.0,-10.0,-3.2407,-2.0933,0.0,-3.5278
300402.SZ,宝色股份,20.0,2,2345977.0,4.52201507338358,2021-09-22 10:10:34,20210922,False,True,18.9752,-3.2787,-14.8808,5.2649,11.1895,10.0,28.9752
000731.SZ,四川美丰,10.0,2,2428079.0,3.4235668789808895,2021-09-22 11:12:27,20210922,False,False,0.0,-10.0,-6.4309,4.3814,-10.0,0.0,0.0
000537.SZ,广宇发展,10.0,10,5719561.0,5.760000000000004,2021-09-22 14:04:23,20210922,False,False,10.0,10.0,-10.0,10.0,-10.0,0.0,10.0
603985.SH,恒润股份,10.0,3,,-2.4125779343995677,2021-09-22 14:30:24,20210922,False,False,-1.3807,-0.825,-5.7726,6.367,-7.1177,0.0,-1.3807
000912.SZ,泸天化,10.0,2,2985430.0,0.0,2021-09-22 14:42:19,20210922,False,False,-2.8835,-10.0,-7.2559,2.276,-8.9013,0.0,-2.8835
001215.SZ,千味央厨,10.0,11,726803.0,10.00511334583263,2021-09-23 09:30:00,20210923,True,False,-10.0,6.1801,-5.0422,-8.1612,10.0,0.0,-3.8198999999999996
002165.SZ,红宝丽,3.3916849,4,,9.956236323851204,2021-09-23 09:30:00,20210923,True,False,-4.7619,-10.0,-4.321,-6.7097,0.4149,-6.6083151,-11.3702151
605033.SH,美邦股份,-3.52781547,3,,9.995477159656268,2021-09-23 09:30:00,20210923,True,False,-10.0,-10.0,-3.2407,-2.0933,0.0611,-13.52781547,-36.76851547
600021.SH,上海电力,10.0,2,14192815.0,9.97150997150998,2021-09-23 09:30:00,20210923,True,False,10.0,-4.2386,10.0,-10.0,2.4007,0.0,5.7614
600032.SH,浙江新能,10.0,2,19478106.0,10.000000000000004,2021-09-23 09:30:00,20210923,True,False,10.0,-3.2942,3.6952,-10.0,0.8663,0.0,6.7058
600163.SH,中闽能源,10.0,2,30244377.0,10.022026431718063,2021-09-23 09:30:00,20210923,True,False,-3.4034,-8.0829,3.6077,-3.9173,7.5878,0.0,-3.4034
600821.SH,金开新能,10.0,2,22560824.0,10.049627791563259,2021-09-23 09:30:00,20210923,True,False,-1.8038,5.7405,9.8806,-10.0,10.0,0.0,-1.8038
600863.SH,内蒙华电,10.0,2,39115289.0,9.90099009900991,2021-09-23 09:30:00,20210923,True,False,-2.7027,-10.0,1.2853,1.269,3.0075,0.0,-2.7027
603988.SH,中电电机,-5.63674322,2,,10.02087682672233,2021-09-23 09:30:00,20210923,True,False,-4.5354,10.0,10.0,-10.0,5.7447,-15.63674322,-20.17214322
002039.SZ,黔源电力,3.78874856,2,,4.860313815537695,2021-09-23 09:31:00,20210923,False,True,-7.5959,-2.1149,10.0,-10.0,-1.112,-6.21125144,-13.80715144
000791.SZ,甘肃电投,3.54609929,2,,7.80141843971631,2021-09-23 09:31:17,20210923,False,False,-10.0,-6.5449,6.1889,-4.6012,5.4662,-6.45390071,-22.998800709999998
002153.SZ,石基信息,10.0,2,2260617.0,7.333021952358712,2021-09-23 09:31:32,20210923,False,False,10.0,6.1366,-4.2545,-0.8355,-2.4129,0.0,16.1366
000537.SZ,广宇发展,10.0,11,6261015.0,5.454545454545454,2021-09-23 09:37:17,20210923,False,False,10.0,-10.0,10.0,-10.0,3.2367,0.0,3.2367
603948.SH,建业股份,8.87573964,4,,2.8698224852071186,2021-09-23 09:38:32,20210923,False,False,-10.0,-10.0,6.7427,10.0,-3.2857,-1.1242603599999992,-14.381560360000002
