,Unnamed: 0,股票简称,昨首停,昨收,前连板,昨封单,昨开,交易日,昨竞一,selected,1_c_chg,2_c_chg,3_c_chg,4_c_chg,5_c_chg,0_c_chg,profit
9,600381.SH,青海春天,2021-01-05 09:31:30,7.49736008,5,,9.926082365364302,20210105,False,True,-10.0,-9.4978,0.2413,-10.0,0.2674,-2.50263992,-22.00043992
27,002505.SZ,鹏都农牧,2021-01-06 09:30:30,5.88235294,2,,7.843137254901953,20210106,False,True,-9.8765,-4.1096,-0.3571,-0.7168,-5.7762,-4.11764706,-13.99414706
35,000718.SZ,苏宁环球,2021-01-07 09:30:15,10.0,2,23406912.0,7.5609756097561105,20210107,False,True,-2.8825,10.0,-6.8465,-9.5768,-7.1429,0.0,-2.8825
46,002164.SZ,宁波东力,2021-01-08 09:30:45,2.3943662,2,,9.154929577464792,20210108,False,True,10.0,10.0,0.0,-5.9091,-7.4879,-7.6056338,12.3943662
53,000570.SZ,苏常柴A,2021-01-11 09:30:30,10.0,2,6926173.0,8.024691358024684,20210111,False,True,0.9818,2.6389,-10.0,-10.0,-2.6711,0.0,0.9818
60,600793.SH,宜宾纸业,2021-01-12 09:30:15,10.0,4,6750792.0,7.916666666666661,20210112,False,True,10.0,10.0,10.0,10.0,10.0,0.0,50.0
66,002813.SZ,路畅科技,2021-01-13 09:32:30,10.0,2,969400.0,6.110154905335636,20210113,False,True,10.0,10.0,10.0,10.0,-7.9904,0.0,32.0096
73,002553.SZ,南方轴承,2021-01-14 09:30:30,10.0,3,7286264.0,7.840000000000003,20210114,False,True,-1.6727,-7.0266,-7.0008,5.5603,-0.6483,0.0,-1.6727
83,002305.SZ,南国置业,2021-01-15 09:30:30,10.0,2,21995887.0,8.490566037735835,20210115,False,True,9.8712,10.1563,10.0,-9.0323,-10.0,0.0,9.8712
93,002263.SZ,大东南,2021-01-18 09:30:30,10.0,2,37582923.0,9.309309309309311,20210118,False,True,-3.8251,10.0,-4.9096,-10.0,-6.9486,0.0,-3.8251
107,603500.SH,祥和实业,2021-01-19 09:30:45,10.0,3,2624640.0,6.3670411985018704,20210119,False,True,10.0,-10.0,-10.0,-10.0,-6.0272,0.0,-26.0272
126,000020.SZ,深华发A,2021-01-20 09:30:15,10.0,2,12685526.0,9.861751152073737,20210120,False,True,3.2663,-7.9481,-10.0,-10.0,-7.0652,0.0,3.2663
146,000020.SZ,深华发A,2021-01-21 09:30:15,3.26633166,3,,9.966499162479073,20210121,False,True,-7.9481,-10.0,-10.0,-7.0652,2.5731,-6.73366834,-14.68176834
161,605018.SH,长华股份,2021-01-22 09:30:15,10.0,2,2849600.0,10.032786885245908,20210122,False,True,10.0,10.0,10.0,-10.0,-10.0,0.0,10.0
175,603058.SH,永吉股份,2021-01-25 09:30:15,10.0,4,4399754.0,10.03039513677812,20210125,False,True,-10.0,-10.0,10.0,-10.0,-9.8851,0.0,-29.8851
191,002681.SZ,奋达科技,2021-01-26 09:32:45,0.0,2,,2.362204724409451,20210126,False,True,0.9843,-5.0682,-4.1068,4.9251,2.6531,-10.0,-9.0157
200,000691.SZ,亚太实业,2021-01-27 09:30:15,10.0,2,,9.747899159663866,20210127,False,True,-10.0,-10.0,-10.0,-5.4393,-3.7611,0.0,-35.4393
210,002529.SZ,海源复材,2021-01-28 09:30:15,-4.99359795,4,,4.993597951344427,20210128,False,True,-4.9865,-4.1135,1.0355,-4.0996,-3.2061,-14.99359795,-19.98009795
220,600576.SH,祥源文化,2021-01-29 09:30:15,10.0,3,7617800.0,10.093896713615038,20210129,False,True,10.0,-10.0,10.0,-10.0,-10.0,0.0,-10.0
228,600576.SH,祥源文化,2021-02-01 09:30:27,10.0,4,5372819.0,6.823027718550093,20210201,False,True,-10.0,10.0,-10.0,-10.0,-10.0,0.0,-30.0
236,002256.SZ,兆新股份,2021-02-02 09:30:45,4.86111111,3,10457296.0,4.166666666666671,20210202,False,True,-5.298,4.8951,5.3333,-1.2658,-4.4872,-5.13888889,-10.43688889
246,002445.SZ,中南文化,2021-02-03 09:31:00,0.55248619,2,,2.2099447513812174,20210203,False,True,-1.0989,2.2222,-1.087,-2.7473,1.6949,-9.44751381,-10.54641381
258,600702.SH,舍得酒业,2021-02-04 09:32:00,1.01299011,3,,4.755094744368978,20210204,False,True,5.0024,-1.0337,-1.2262,-2.4368,-4.9953,-8.98700989,-3.98460989
268,003035.SZ,南网能源,2021-02-05 09:30:30,10.0,13,51116840.0,5.678233438485809,20210205,False,True,6.1693,10.0,-10.0,-2.0464,-6.6852,0.0,6.1693
276,003035.SZ,南网能源,2021-02-08 09:30:30,6.16929699,14,,9.756097560975618,20210208,False,True,10.0,-10.0,-2.0464,-6.6852,1.3433,-3.83070301,-5.87710301
283,000892.SZ,欢瑞世纪,2021-02-09 09:30:30,9.88593156,2,13488099.0,,20210209,False,True,10.0,8.805,-10.1156,1.6077,-9.4937,-0.1140684400000004,18.69093156
292,600877.SH,声光电科,2021-02-10 09:31:15,4.5941807,2,,3.9816232771822326,20210210,False,True,-3.6603,1.0638,-3.3083,4.9767,2.0,-5.4058193,-9.0661193
304,600392.SH,盛和资源,2021-02-18 09:30:30,10.0,2,5744166.0,10.009624639076026,20210218,False,True,8.4427,-3.1868,6.2083,-8.7485,-4.0843,0.0,8.4427
313,000711.SZ,京蓝科技,2021-02-19 09:30:15,9.8540146,5,10904295.0,9.854014598540129,20210219,False,True,10.0,-10.0,-8.3893,-4.0293,3.0534,-0.1459854000000007,-8.535285400000001
331,002378.SZ,章源钨业,2021-02-22 09:30:45,9.53757225,4,,8.381502890173412,20210222,False,True,-8.7071,10.0,-7.2273,-8.6402,10.0,-0.4624277499999998,-9.16952775
346,605077.SH,华康股份,2021-02-23 09:30:45,10.0,5,629947.0,5.630568568016897,20210223,False,True,-7.4065,-7.1152,-9.7087,3.2258,-6.4479,0.0,-7.4065
356,603655.SH,朗博科技,2021-02-24 09:32:00,7.52886836,4,,9.468822170900696,20210224,False,True,-3.6082,5.615,0.8439,-8.4519,0.8227,-2.4711316400000003,-6.07933164
365,000422.SZ,湖北宜化,2021-02-25 09:32:00,5.05319149,2,4932087.0,3.457446808510648,20210225,False,True,-5.0633,4.5333,-5.102,1.6129,-5.0265,-4.94680851,-10.01010851
372,000422.SZ,湖北宜化,2021-02-26 09:31:00,-5.06329114,3,,2.531645569620244,20210226,False,True,4.5333,-5.102,1.6129,-5.0265,-0.8357,-15.06329114,-10.52999114
382,002647.SZ,仁东控股,2021-03-01 09:45:44,10.0,3,11747500.0,5.369127516778528,20210301,False,True,4.0976,10.0,10.0,10.0,10.0,0.0,4.0976
389,601038.SH,一拖股份,2021-03-02 09:33:30,10.0,2,6352200.0,5.169340463458111,20210302,False,True,10.0,10.0,1.4735,3.5644,-10.0,0.0,21.4735
393,002494.SZ,华斯股份,2021-03-03 09:30:15,10.0,2,29101548.0,8.353221957040564,20210303,False,True,-7.1584,2.8037,-10.0,-10.101,-3.3708,0.0,-7.1584
399,002658.SZ,雪迪龙,2021-03-04 09:32:00,10.0,2,7107157.0,2.0804438280166484,20210304,False,True,3.5309,-4.7503,-10.0,-2.5568,4.6647,0.0,3.5309
405,603126.SH,中材节能,2021-03-05 09:31:45,10.0,5,6729143.0,8.229988726042846,20210305,False,True,10.0,-10.0,-4.5502,10.0,10.0,0.0,-4.5502
411,603126.SH,中材节能,2021-03-08 09:45:17,10.0,6,6143650.0,4.50819672131147,20210308,False,True,-10.0,-4.5502,10.0,10.0,0.0,0.0,-14.5502
415,600169.SH,太原重工,2021-03-09 09:30:45,10.10452962,2,1771273.0,5.226480836236931,20210309,False,True,-10.1266,-3.8732,1.4652,-3.2491,3.7313,0.1045296199999992,-13.89527038
423,002836.SZ,新宏泽,2021-03-10 09:30:30,2.75229358,2,,5.504587155963299,20210310,False,True,0.1786,5.1693,-10.0,-4.8964,-2.2772,-7.24770642,-7.06910642
435,600702.SH,舍得酒业,2021-03-12 11:26:00,5.00394633,2,507398.0,0.6629834254143673,20210312,False,True,1.8942,1.5344,-2.8189,4.994,3.2185,-4.99605367,-3.10185367
438,600307.SH,酒钢宏兴,2021-03-15 09:30:15,6.82926829,2,,10.243902439024389,20210315,False,True,-4.1096,-7.1429,1.5385,-3.5354,-1.0471,-3.17073171,-7.28033171
445,002366.SZ,台海核电,2021-03-16 09:35:31,10.0,3,21061500.0,-0.9090909090909098,20210316,False,True,10.0,-4.1353,1.7647,4.0462,-8.3333,0.0,5.8647
453,000011.SZ,深物业A,2021-03-17 09:30:30,10.0,2,4928891.0,5.159010600706717,20210317,False,True,4.3674,-7.3846,3.1229,-10.0,-5.655,0.0,4.3674
461,002900.SZ,哈三联,2021-03-18 09:33:00,10.0,2,3101920.0,7.142857142857135,20210318,False,True,10.0,10.0,-4.0613,10.0,-10.0,0.0,15.9387
469,600212.SH,江泉实业,2021-03-19 09:30:15,10.0,2,13973982.0,8.685968819599102,20210319,False,True,6.0729,-5.1527,-10.0,-9.1723,0.9852,0.0,6.0729
477,600505.SH,西昌电力,2021-03-22 09:30:15,10.0,2,9098206.0,7.542579075425781,20210322,False,True,-2.9867,-8.4379,-10.0,2.0747,0.542,0.0,-2.9867
489,600396.SH,金山股份,2021-03-23 09:30:30,6.04026846,2,,10.067114093959724,20210323,False,True,-8.8608,-10.0,1.5444,3.8023,-3.663,-3.95973154,-12.82053154
501,605303.SH,园林股份,2021-03-24 09:30:15,10.0,2,4004946.0,9.168808911739506,20210324,False,True,-5.9213,10.0,6.3229,-10.0,-6.803,0.0,-5.9213
519,603778.SH,乾景园林,2021-03-25 09:30:30,10.0,2,7951649.0,8.411214953271031,20210325,False,True,10.0,9.8765,-10.0,5.3042,-10.0,0.0,19.8765
526,600917.SH,重庆燃气,2021-03-26 09:30:30,10.0,2,6082683.0,5.975197294250295,20210326,False,True,10.0,10.0,-1.7782,-3.1897,3.4728,0.0,18.2218
536,600917.SH,重庆燃气,2021-03-29 09:30:30,10.0,3,2902129.0,8.60655737704918,20210329,False,True,10.0,-1.7782,-3.1897,3.4728,10.0,0.0,8.2218
548,002941.SZ,新疆交建,2021-03-30 09:30:15,10.0,2,10135663.0,10.007468259895443,20210330,False,True,10.0,-10.0,-6.3786,0.9524,-1.8868,0.0,-6.3786
572,603080.SH,新疆火炬,2021-03-31 09:30:15,10.0,3,171200.0,8.592692828146154,20210331,False,True,2.829,10.0,-10.0,-0.9668,-5.9182,0.0,2.829
586,003036.SZ,泰坦股份,2021-04-01 09:30:15,10.0,2,5576059.0,9.952925353059868,20210401,False,True,10.0,10.0,10.0,10.0,10.0,0.0,50.0
600,000065.SZ,北方国际,2021-04-02 09:30:15,7.97310279,4,,8.837656099903938,20210402,False,True,-2.9359,-1.0082,-10.0,-4.9332,0.4324,-2.02689721,-4.96279721
615,603988.SH,中电电机,2021-04-06 09:30:30,10.0,5,4201181.0,7.711442786069637,20210406,False,True,10.0,-10.0,-9.4564,-0.4541,-10.0,0.0,-9.4564
635,605208.SH,永茂泰,2021-04-07 09:30:45,10.0,4,1784372.0,9.795918367346932,20210407,False,True,-10.0,-8.9093,2.6105,-6.7503,1.1641,0.0,-18.9093
657,605208.SH,永茂泰,2021-04-08 09:30:30,-10.0,5,,8.418949771689507,20210408,False,True,-8.9093,2.6105,-6.7503,1.1641,10.0,-20.0,-28.9093
672,605299.SH,舒华体育,2021-04-09 09:30:15,10.0,3,5262743.0,8.139534883720943,20210409,False,True,-10.0,-10.0,-5.0881,1.4433,-3.1843,0.0,-25.0881
690,605099.SH,共创草坪,2021-04-12 09:31:00,10.0,2,372658.0,8.071505958829892,20210412,False,True,-8.1015,3.537,0.9317,1.9231,-0.5283,0.0,-8.1015
702,002053.SZ,云南能投,2021-04-13 09:30:45,-8.78378378,4,,10.038610038610049,20210413,False,True,-6.9841,-7.9636,0.7417,-0.6135,-0.6173,-18.78378378,-25.76788378
717,003042.SZ,中农联合,2021-04-14 09:30:30,-10.0,6,,6.957217113154731,20210414,False,True,-10.0,-7.0318,-0.69,1.4431,-5.3741,-20.0,-37.0318
731,603817.SH,海峡环保,2021-04-15 09:32:00,1.92572215,2,,4.951856946354887,20210415,False,True,-8.7719,-2.5148,-3.1866,-0.627,-1.8927,-8.07427785,-16.84617785
738,600814.SH,杭州解百,2021-04-16 09:32:15,-3.23785803,4,,3.4869240348692547,20210416,False,True,-3.6036,-9.8798,1.3333,1.9006,-8.0344,-13.23785803,-16.84145803
747,003043.SZ,华亚智能,2021-04-19 09:31:45,10.0,9,692805.0,4.626450874611735,20210419,False,True,10.0,10.0,10.0,-10.0,-10.0,0.0,10.0
763,002786.SZ,银宝山新,2021-04-20 09:30:15,10.0,2,11264458.0,7.503410641200544,20210420,False,True,10.0,2.4803,10.0,-6.3,-10.0,0.0,12.4803
773,605378.SH,野马电池,2021-04-21 09:30:45,1.06761566,7,,10.008896797153024,20210421,False,True,-6.6901,-10.0,-9.0909,3.9769,-2.051,-8.93238434,-15.62248434
781,002786.SZ,银宝山新,2021-04-22 09:30:15,2.48027057,4,,9.35738444193912,20210422,False,True,10.0,-6.3,-10.0,-9.6085,-10.0,-7.51972943,-3.81972943
792,003043.SZ,华亚智能,2021-04-23 09:31:15,-10.0,13,,7.190710138454665,20210423,False,True,-10.0,-10.0,-2.9867,-1.7682,0.5304,-20.0,-42.9867
803,601127.SH,小康股份,2021-04-26 09:33:00,10.0,2,2872049.0,8.00837477100236,20210426,False,True,3.4975,8.046,-6.2766,10.0,10.0,0.0,3.4975
810,605086.SH,龙高股份,2021-04-27 09:43:02,10.0,7,1127930.0,5.699481865284966,20210427,False,True,-10.0,-10.0,-8.0055,-1.4504,10.0,0.0,-28.0055
815,000908.SZ,景峰医药,2021-04-28 09:31:45,10.0,2,20553040.0,6.446280991735547,20210428,False,True,-6.1562,10.0,-3.6337,-7.089,3.4091,0.0,-6.1562
822,002433.SZ,太安堂,2021-04-29 09:48:15,-1.86915888,2,,5.140186915887845,20210429,False,True,-10.0,-5.5556,-0.2801,1.6854,-1.3812,-11.86915888,-27.42475888
829,603933.SH,睿能科技,2021-04-30 09:30:45,10.0,2,2751156.0,9.892827699917554,20210430,False,True,1.1994,-6.6667,-2.7778,10.0,10.0,0.0,1.1994
840,000718.SZ,苏宁环球,2021-05-06 09:33:49,2.33918129,3,,3.9473684210526394,20210506,False,True,-10.0,0.0,-4.4444,10.0,10.0,-7.66081871,-17.66081871
850,603020.SH,爱普股份,2021-05-07 09:30:15,10.0,2,3875489.0,10.008340283569636,20210507,False,True,10.0,10.0,10.0,3.246,10.0,0.0,33.246
866,603721.SH,中广天择,2021-05-10 09:32:48,10.0,2,1364990.0,9.649626651349797,20210510,False,True,1.1488,10.0,-7.5551,4.1624,-3.6062,0.0,1.1488
882,000572.SZ,海马汽车,2021-05-11 09:30:45,0.22675737,4,,4.988662131519269,20210511,False,True,4.9774,4.9569,-2.6694,-5.0633,2.0,-9.77324263,-4.79584263
893,605300.SH,佳禾食品,2021-05-12 09:30:30,10.0,5,2527204.0,7.040472175379434,20210512,False,True,2.453,10.0,-0.9184,-7.0717,-3.0661,0.0,2.453
909,600250.SH,南纺股份,2021-05-13 09:31:00,10.0,2,2116769.0,3.374777975133222,20210513,False,True,-9.0468,-10.0,-2.1696,2.2177,-4.5365,0.0,-9.0468
920,600250.SH,南纺股份,2021-05-14 09:30:30,-9.04684976,3,,8.400646203554112,20210514,False,True,-10.0,-2.1696,2.2177,-4.5365,1.0331,-19.04684976,-31.21644976
934,600530.SH,交大昂立,2021-05-17 09:31:15,-4.13436693,2,,2.842377260981909,20210517,False,True,10.0,-3.4314,-3.2995,10.0,-6.9212,-14.13436693,-7.565766929999999
947,002289.SZ,宇顺电子,2021-05-18 09:30:16,10.0,3,2283928.0,3.73443983402489,20210518,False,True,-1.0377,-10.0,2.1186,-6.5353,1.7758,0.0,-1.0377
961,600095.SH,湘财股份,2021-05-19 09:55:47,3.64683301,3,,0.2879078694817597,20210519,False,True,10.0,-4.3771,-1.2324,10.0,10.0,-6.35316699,-0.7302669900000005
972,002256.SZ,兆新股份,2021-05-20 09:31:15,5.23809524,2,7305144.0,3.333333333333325,20210520,False,True,-1.81,0.0,-3.2258,5.2381,4.9774,-4.76190476,-6.571904760000001
985,605196.SH,华通线缆,2021-05-21 09:30:30,10.0,8,2368651.0,5.712270803949228,20210521,False,True,-0.9615,-2.7832,10.0,-3.4504,10.0,0.0,-0.9615
994,002862.SZ,实丰文化,2021-05-24 09:35:45,10.0,2,1852650.0,4.638783269961973,20210524,False,True,-1.8659,2.4648,-4.8797,10.0,-0.5913,0.0,-1.8659
1003,002269.SZ,美邦服饰,2021-05-25 09:51:00,9.88700565,2,8795800.0,1.1299435028248597,20210525,False,True,-9.2545,3.3994,-5.2055,10.1156,10.0,-0.1129943499999992,-9.36749435
1010,001206.SZ,依依股份,2021-05-26 09:30:30,10.0,6,1214108.0,7.319667375749365,20210526,False,True,-10.0,-3.1061,-10.0,1.7921,-6.9762,0.0,-13.1061
1020,605337.SH,李子园,2021-05-27 09:31:45,10.0,2,143400.0,1.9611650485436856,20210527,False,True,-2.1712,10.0,-1.8373,-3.5762,2.8769,0.0,-2.1712
1029,002679.SZ,福建金森,2021-05-28 09:30:15,6.89320388,6,,9.999999999999996,20210528,False,True,10.0,10.0,-10.0,2.5855,-2.4797,-3.1067961200000003,9.47870388
1040,605186.SH,健麾信息,2021-05-31 09:32:15,10.0,4,801477.0,6.163886874546784,20210531,False,True,10.0,10.0,2.152,-10.0,10.0,0.0,22.152
1055,000663.SZ,永安林业,2021-06-01 09:31:15,5.03778338,2,74300.0,3.904282115869013,20210601,False,True,2.8777,-0.8159,5.0529,5.0336,5.0053,-4.96221662,-2.0845166200000005
1068,603650.SH,彤程新材,2021-06-02 09:31:30,10.0,2,866184.0,1.382823871906842,20210602,False,True,-4.9404,3.2483,3.8202,-5.7348,0.9715,0.0,-4.9404
1083,603196.SH,日播时尚,2021-06-03 09:31:30,10.0,3,2058762.0,1.320132013201331,20210603,False,True,10.0,1.8182,10.0,-10.0,-10.0,0.0,11.8182
1092,002346.SZ,柘中股份,2021-06-04 09:30:30,10.0,2,4130517.0,9.984152139461186,20210604,False,True,10.0,10.0,10.0,10.0,-10.0,0.0,30.0
1108,603196.SH,日播时尚,2021-06-07 09:31:30,1.81818182,5,,4.090909090909085,20210607,False,True,10.0,-10.0,-10.0,-6.3765,-3.5676,-8.18181818,-24.55831818
1119,002547.SZ,春兴精工,2021-06-08 09:31:45,10.0,3,22655100.0,9.939148073022317,20210608,False,True,-0.369,10.0,-10.0,-5.9813,-7.7535,0.0,-0.369
1130,600992.SH,贵绳股份,2021-06-09 09:30:15,10.0,2,3285699.0,9.859154929577471,20210609,False,True,3.2596,-10.0,-2.5063,10.0,-3.8551,0.0,3.2596
1145,600714.SH,金瑞矿业,2021-06-10 09:42:45,2.87610619,2,,-1.5486725663716685,20210610,False,True,-6.5591,-1.7261,-9.6019,2.5907,0.0,-7.12389381,-13.68299381
1155,000004.SZ,国华网安,2021-06-11 09:30:15,10.0,2,2368700.0,9.999999999999998,20210611,False,True,-10.0,-6.6265,3.8213,-5.4493,5.0051,0.0,-16.6265
1161,003032.SZ,传智教育,2021-06-15 09:30:15,1.47294268,5,,5.667627281460133,20210615,False,True,10.0,10.0,-3.9374,0.1629,-7.1545,-8.52705732,7.535542679999999
1163,600070.SH,浙江富润,2021-06-16 09:33:00,10.0,2,11875090.0,9.921962095875124,20210616,False,True,-2.7356,1.3542,3.5971,-6.25,-4.3386,0.0,-2.7356
1168,002767.SZ,先锋电子,2021-06-17 09:30:45,10.0,2,4188711.0,5.607476635514023,20210617,False,True,10.0,10.0,10.0,-3.1932,-3.2985,0.0,26.8068
1174,603777.SH,来伊份,2021-06-18 14:10:44,4.08057851,2,,5.836776859504127,20210618,False,True,-3.7717,-1.9598,-2.4198,-10.0,0.0,-5.91942149,-9.69112149
1179,600171.SH,上海贝岭,2021-06-21 09:31:15,10.0,2,6018911.0,7.9777365491651295,20210621,False,True,-3.8786,0.386,5.907,-4.9835,5.9396,0.0,-3.8786
1187,603779.SH,威龙股份,2021-06-22 09:46:45,4.95594714,3,721578.0,3.303964757709259,20210622,False,True,1.469,-4.3433,-4.3243,3.1638,-5.0383,-5.04405286,-3.57505286
1194,603779.SH,威龙股份,2021-06-23 09:30:45,1.46904512,4,,4.826862539349432,20210623,False,True,-4.3433,-4.3243,3.1638,-5.0383,-4.3829,-8.53095488,-12.87425488
1206,000663.SZ,永安林业,2021-06-24 09:30:45,0.43103448,3,,4.827586206896556,20210624,False,True,4.9785,4.906,-4.2868,-1.873,-4.9793,-9.56896552,-4.59046552
1212,601665.SH,齐鲁银行,2021-06-25 09:32:30,10.0,5,14133215.0,4.070796460176982,20210625,False,True,-10.0,-10.0,-7.6465,-2.5806,-4.5254,0.0,-27.6465
1217,603098.SH,森特股份,2021-06-28 09:31:00,10.0,4,3461028.0,7.217573221757315,20210628,False,True,-4.9929,-2.6527,-2.2879,0.8419,3.8351,0.0,-4.9929
1226,603958.SH,哈森股份,2021-06-29 09:30:15,10.0,2,4996846.0,10.036719706242351,20210629,False,True,10.0,10.0,-8.8235,-6.9556,-4.6587,0.0,11.1765
1233,002418.SZ,康盛股份,2021-06-30 09:30:30,10.0,3,26908202.0,7.250755287009057,20210630,False,True,-9.8901,-7.0122,10.1639,-0.5952,9.8802,0.0,-9.8901
1241,603958.SH,哈森股份,2021-07-01 09:30:15,10.0,4,3255574.0,10.010111223458042,20210701,False,True,-8.8235,-6.9556,-4.6587,-0.3409,-4.447,0.0,-8.8235
1245,000062.SZ,深圳华强,2021-07-02 09:30:30,-4.51612903,2,,6.989247311827941,20210702,False,True,-2.9842,-0.9286,0.4101,-0.4084,-1.1131,-14.51612903,-17.50032903
1253,002865.SZ,钧达股份,2021-07-05 09:30:30,3.26797386,2,,8.714596949891067,20210705,False,True,-9.2405,1.1158,2.069,-0.3604,-0.0904,-6.73202614,-15.97252614
1259,002335.SZ,科华数据,2021-07-06 10:20:18,0.47095761,2,,5.9654631083202485,20210706,False,True,0.0,0.0781,-3.5909,3.8057,-0.975,-9.52904239,-9.52904239
1264,002442.SZ,龙星化工,2021-07-07 09:30:45,10.0,2,12890700.0,5.049088359046287,20210707,False,True,-3.699,-4.5033,4.9931,-3.963,1.7882,0.0,-3.699
1270,603324.SH,盛剑环境,2021-07-08 09:31:45,10.0,3,1325588.0,9.554140127388536,20210708,False,True,7.3152,-5.3237,0.4179,0.8135,-8.9886,0.0,7.3152
1277,603324.SH,盛剑环境,2021-07-09 10:28:00,7.31519012,4,,-7.199382358618035,20210709,False,True,-5.3237,0.4179,0.8135,-8.9886,1.9588,-2.6848098800000004,-8.00850988
1284,002895.SZ,川恒股份,2021-07-12 09:33:30,8.41916704,2,,7.344379758172865,20210712,False,True,-5.0392,-4.3932,0.091,2.5455,-10.0,-1.5808329600000004,-6.6200329600000005
1292,002943.SZ,宇晶股份,2021-07-13 10:36:37,10.0,2,5474275.0,2.0408163265306207,20210713,False,True,-10.0,-5.79,-2.9167,-2.4678,5.8856,0.0,-15.79
1299,603171.SH,税友股份,2021-07-14 09:32:45,10.0,10,1710252.0,7.79765849348353,20210714,False,True,10.0,-9.7298,10.0,-8.2353,-6.5505,0.0,0.2702000000000009
1307,002140.SZ,东华科技,2021-07-15 09:30:30,10.0,3,6614759.0,9.890109890109892,20210715,False,True,10.0,-1.2386,-4.7659,4.1264,10.0,0.0,8.7614
1313,603171.SH,税友股份,2021-07-16 09:31:00,-9.7298284,12,,4.03431909456006,20210716,False,True,10.0,-8.2353,-6.5505,1.2862,-2.5397,-19.7298284,-17.965128400000005
1319,002140.SZ,东华科技,2021-07-19 09:30:45,-1.23864575,5,,7.266721717588777,20210719,False,True,-4.7659,4.1264,10.0,-10.0,3.8298,-11.23864575,-16.00454575
1322,000506.SZ,中润资源,2021-07-20 09:30:45,10.0,4,10710321.0,10.0609756097561,20210720,False,True,10.0,-7.5567,10.0,0.9901,10.0,0.0,2.4433
1325,002564.SZ,天沃科技,2021-07-21 09:31:30,10.0,2,2977046.0,5.622489959839344,20210721,False,True,-8.9416,2.2044,-3.7255,-7.943,1.7699,0.0,-8.9416
1333,002418.SZ,康盛股份,2021-07-22 11:08:30,4.56730769,2,,3.84615384615385,20210722,False,True,-8.7356,10.0,-3.8902,7.619,-0.6637,-5.43269231,-14.16829231
1337,002897.SZ,意华股份,2021-07-23 09:30:15,10.0,2,1549945.0,9.98201438848922,20210723,False,True,10.0,10.0,-1.6892,4.811,-2.9508,0.0,18.3108
1343,000572.SZ,海马汽车,2021-07-26 14:28:20,10.0,3,3698000.0,0.0,20210726,False,True,-9.375,-5.5472,0.1587,-0.9509,10.0,0.0,-9.375
1346,002897.SZ,意华股份,2021-07-27 09:31:00,10.0,4,866820.0,4.719435154217761,20210727,False,True,-1.6892,4.811,-2.9508,10.0,-2.457,0.0,-1.6892
1352,605066.SH,天正电气,2021-07-28 09:41:15,10.0,2,2998025.0,-0.4331683168316849,20210728,False,True,10.0,-10.0,-2.5,-8.683,5.2967,0.0,-2.5
1358,605020.SH,永和股份,2021-07-29 09:31:30,10.0,14,363084.0,9.770948100898805,20210729,False,True,-10.0,5.5344,-6.465,2.3435,-9.8551,0.0,-4.4656
1363,002455.SZ,百川股份,2021-07-30 09:31:15,10.0,2,5148448.0,7.702612190221022,20210730,False,True,10.0,-4.928,10.0,1.2176,-2.0921,0.0,5.072
1372,603683.SH,晶华新材,2021-08-02 09:30:15,9.13461538,2,,9.903846153846148,20210802,False,True,10.0,0.8807,10.0,0.0,-6.3492,-0.8653846200000004,10.01531538
1381,002335.SZ,科华数据,2021-08-03 09:34:34,0.48342541,3,,5.28314917127071,20210803,False,True,10.0,2.6242,-1.9787,3.0435,4.4304,-9.51657459,3.1076254100000007
1389,600815.SH,厦工股份,2021-08-04 09:30:08,9.89010989,2,15132753.0,8.058608058608067,20210804,False,True,10.0,9.0909,-9.7222,-6.1538,-1.3115,-0.1098901100000002,18.98100989
1394,600815.SH,厦工股份,2021-08-05 09:31:15,10.0,3,13619657.0,9.999999999999996,20210805,False,True,9.0909,-9.7222,-6.1538,-1.3115,-2.99,0.0,9.0909
1397,600815.SH,厦工股份,2021-08-06 09:30:15,9.09090909,4,,10.000000000000004,20210806,False,True,-9.7222,-6.1538,-1.3115,-2.99,-1.3699,-0.9090909099999998,-10.63129091
1403,001208.SZ,华菱线缆,2021-08-09 09:32:45,10.0,2,3278408.0,5.734144222415292,20210809,False,True,10.0,10.0,10.0,10.0,10.0,0.0,50.0
1409,001208.SZ,华菱线缆,2021-08-10 09:54:30,10.0,3,4470454.0,2.5276461295418664,20210810,False,True,10.0,10.0,10.0,10.0,6.8661,0.0,46.8661
1413,603779.SH,威龙股份,2021-08-11 09:30:15,3.41419587,2,,9.97304582210242,20210811,False,True,-10.0,-3.4749,10.0,-8.8182,-0.8973,-6.58580413,-20.06070413
1421,605589.SH,圣泉集团,2021-08-12 09:33:00,10.0,2,1685726.0,9.992111490928206,20210812,False,True,2.8448,-9.1818,-7.6017,-0.8033,1.9268,0.0,2.8448
1427,001208.SZ,华菱线缆,2021-08-13 09:30:30,10.0,6,3212363.0,8.011869436201767,20210813,False,True,10.0,6.8661,10.0,-10.0,-10.0,0.0,16.8661
1436,001208.SZ,华菱线缆,2021-08-16 09:30:30,10.0,7,2927074.0,9.978425026968724,20210816,False,True,6.8661,10.0,-10.0,-10.0,-0.8243,0.0,6.8661
1445,605011.SH,杭州热电,2021-08-17 09:32:00,10.0,2,1780190.0,9.706546275395045,20210817,False,True,10.0,-10.0,-10.0,-3.453,-3.052,0.0,-13.453
1450,001207.SZ,联科科技,2021-08-18 09:30:30,10.0,2,463798.0,4.472516217138963,20210818,False,True,-10.0,3.4483,-10.0,-6.331,1.7787,0.0,-6.5517
1459,002300.SZ,太阳电缆,2021-08-19 09:30:15,10.0,2,4427054.0,8.40108401084011,20210819,False,True,-8.867,-0.8108,5.1771,-2.7202,10.0,0.0,-8.867
1463,002599.SZ,盛通股份,2021-08-20 09:36:15,10.0,4,1294167.0,3.5422343324250654,20210820,False,True,10.0,-9.009,1.2376,10.0,10.0,0.0,0.9909999999999995
1468,002369.SZ,卓翼科技,2021-08-23 09:37:00,10.0,2,9671400.0,7.107231920199506,20210823,False,True,-9.2971,-6.375,0.0,-0.8011,4.0377,0.0,-9.2971
1474,002369.SZ,卓翼科技,2021-08-24 09:31:00,-9.29705215,3,,8.503401360544217,20210824,False,True,-6.375,0.0,-0.8011,4.0377,-5.6921,-19.29705215,-25.67205215
1479,002897.SZ,意华股份,2021-08-25 09:31:00,10.0,2,2718680.0,4.82483097725876,20210825,False,True,6.4543,10.0,6.7287,-5.1643,0.8487,0.0,6.4543
1485,003038.SZ,鑫铂股份,2021-08-26 09:32:01,10.0,3,111200.0,4.087812263436784,20210826,False,True,4.3531,0.5771,2.2623,-7.6948,3.4734,0.0,4.3531
1491,003038.SZ,鑫铂股份,2021-08-27 09:34:00,4.35306263,4,,0.0172057811424726,20210827,False,True,0.5771,2.2623,-7.6948,3.4734,0.7049,-5.64693737,-5.06983737
1495,002599.SZ,盛通股份,2021-08-30 09:30:30,10.0,2,2262880.0,4.949494949494952,20210830,False,True,-10.0,-5.102,-1.2903,-5.2288,10.0,0.0,-15.102
1501,600243.SH,青海华鼎,2021-08-31 09:32:46,10.0,3,1803800.0,2.739726027397263,20210831,False,True,10.0,1.983,-6.5278,-10.0,4.2904,0.0,11.983
1506,000815.SZ,美利云,2021-09-01 09:30:30,10.0,3,18368747.0,9.972299168975075,20210901,False,True,7.4307,-10.0,-8.4635,2.276,-1.2517,0.0,7.4307
1512,000935.SZ,四川双马,2021-09-02 09:44:46,7.38255034,2,,5.369127516778535,20210902,False,True,-10.0,-6.4134,1.2222,-2.1992,5.0265,-2.61744966,-19.03084966
1521,000791.SZ,甘肃电投,2021-09-06 09:33:47,10.0,2,1287900.0,1.2658227848101156,20210906,False,True,-1.3158,5.8333,-6.1417,-4.698,6.338,0.0,-1.3158
1526,600163.SH,中闽能源,2021-09-07 09:32:15,10.0,3,5701806.0,5.345501955671449,20210907,False,True,10.0,-7.9741,-3.5129,-1.0922,-0.4908,0.0,2.0259
1532,600163.SH,中闽能源,2021-09-08 09:30:45,10.0,4,8740877.0,8.412322274881527,20210908,False,True,-7.9741,-3.5129,-1.0922,-0.4908,1.1097,0.0,-7.9741
1542,000852.SZ,石化机械,2021-09-09 09:30:15,10.0,3,11549754.0,9.53058321479374,20210909,False,True,0.2587,-10.0,1.7192,1.4085,2.0833,0.0,0.2587
1553,600683.SH,京投发展,2021-09-10 09:30:46,10.0,5,6779032.0,9.752321981424146,20210910,False,True,3.2349,-7.3569,-0.7353,8.5926,-5.7299,0.0,3.2349
1560,002748.SZ,世龙实业,2021-09-13 09:31:01,10.0,4,3402437.0,8.65724381625442,20210913,False,True,3.9357,-5.6414,6.3882,-10.0,-4.1916,0.0,3.9357
1567,002748.SZ,世龙实业,2021-09-14 09:32:00,3.93574297,5,,8.032128514056225,20210914,False,True,-5.6414,6.3882,-10.0,-4.1916,-4.375,-6.06425703,-11.70565703
1577,002886.SZ,沃特股份,2021-09-15 09:31:45,1.25862769,2,,4.466098254161597,20210915,False,True,-0.9623,0.4453,1.0077,-2.1947,-6.7319,-8.74137231,-9.70367231
1590,000537.SZ,广宇发展,2021-09-17 09:30:15,10.0,9,7661254.0,5.633802816901413,20210917,False,True,10.0,10.0,10.0,-10.0,10.0,0.0,30.0
1598,300402.SZ,宝色股份,2021-09-22 10:10:34,20.0,2,2345977.0,4.52201507338358,20210922,False,True,18.9752,-3.2787,-14.8808,5.2649,11.1895,10.0,28.9752
1612,002039.SZ,黔源电力,2021-09-23 09:31:00,3.78874856,2,,4.860313815537695,20210923,False,True,-7.5959,-2.1149,10.0,-10.0,-1.112,-6.21125144,-13.80715144
1619,600021.SH,上海电力,2021-09-24 09:32:25,10.0,3,7636221.0,10.017271157167531,20210924,False,True,-4.2386,10.0,-10.0,2.4007,-10.0,0.0,-4.2386
1625,000880.SZ,潍柴重机,2021-09-28 09:32:45,10.0,2,841210.0,6.926829268292691,20210928,False,True,-10.0,-4.4335,-3.8144,-3.4298,-5.2164,0.0,-14.4335
1628,000993.SZ,闽东电力,2021-09-29 10:56:03,10.0,3,2541778.0,1.6260162601626031,20210929,False,True,10.0,-0.4479,-6.0742,10.0,-10.0,0.0,9.5521
1629,000993.SZ,闽东电力,2021-09-30 09:31:45,10.0,4,3269498.0,1.0467980295566608,20210930,False,True,-0.4479,-6.0742,10.0,-10.0,-7.7435,0.0,-0.4479
1633,000993.SZ,闽东电力,2021-10-08 09:30:30,-0.44792833,5,,6.550951847704377,20211008,False,True,-6.0742,10.0,-10.0,-7.7435,0.918,-10.44792833,-16.52212833
1637,000695.SZ,滨海能源,2021-10-11 09:31:45,10.0,2,2946199.0,4.553571428571443,20211011,False,True,0.2435,-10.0,-3.4173,5.5866,-1.3228,0.0,0.2435
1640,000586.SZ,汇源通信,2021-10-12 09:31:00,10.0,2,1093800.0,5.043859649122817,20211012,False,True,10.0,-10.0,-4.5317,1.5823,0.5192,0.0,-4.5317
1647,000586.SZ,汇源通信,2021-10-13 09:35:30,10.0,3,4485744.0,-6.281156530408764,20211013,False,True,-10.0,-4.5317,1.5823,0.5192,-0.5165,0.0,-14.5317
1652,600661.SH,昂立教育,2021-10-15 09:30:15,10.0,2,1277561.0,9.93843447669306,20211015,False,True,10.0,-3.6337,-3.3183,-4.6022,-1.2265,0.0,6.3663
1656,600661.SH,昂立教育,2021-10-18 09:30:15,10.0,3,3066000.0,5.995203836930456,20211018,False,True,-3.6337,-3.3183,-4.6022,-1.2265,-0.3311,0.0,-3.6337
1658,600661.SH,昂立教育,2021-10-19 09:31:46,-3.63372093,4,,4.215116279069768,20211019,False,True,-3.3183,-4.6022,-1.2265,-0.3311,-1.2458,-13.63372093,-16.95202093
1663,002922.SZ,伊戈尔,2021-10-20 09:31:00,10.0,2,3957730.0,5.820105820105825,20211020,False,True,10.0,-2.1463,10.0,-8.3456,10.0,0.0,7.8537
1668,600277.SH,亿利洁能,2021-10-21 09:31:15,10.0,3,22373751.0,4.063205417607238,20211021,False,True,-3.2854,10.0,-8.4942,-0.211,-4.8626,0.0,-3.2854
1675,603948.SH,建业股份,2021-10-22 09:31:30,-0.11607661,2,,4.468949506674402,20211022,False,True,10.0,-0.2113,1.0588,-2.4882,-1.531,-10.11607661,-0.3273766100000003
1680,001216.SZ,华瓷股份,2021-10-25 09:34:00,10.0,4,5677333.0,4.735376044568254,20211025,False,True,-10.0,-7.8178,-8.2367,0.3324,-4.3738,0.0,-17.8178
1685,000416.SZ,民生控股,2021-10-26 09:40:30,3.19148936,3,,6.382978723404252,20211026,False,True,-9.8969,0.6865,-2.7273,3.271,-6.5611,-6.80851064,-16.70541064
1690,603922.SH,金鸿顺,2021-10-27 10:01:46,10.0,3,174000.0,1.6467065868263602,20211027,False,True,-10.0,-8.8902,-3.2858,-10.0,-3.8887,0.0,-18.8902
1692,603683.SH,晶华新材,2021-10-28 09:33:18,10.0,2,567840.0,3.7212449255751054,20211028,False,True,-5.8426,0.0,-6.597,-0.7692,10.0,0.0,-5.8426
1695,002487.SZ,大金重工,2021-10-29 13:46:02,10.0,2,1204500.0,2.339181286549699,20211029,False,True,4.9973,2.2785,-6.4851,10.0,10.0,0.0,4.9973
1696,600556.SH,天下秀,2021-11-01 09:30:30,10.0,2,4016343.0,6.72348484848484,20211101,False,True,-5.3356,10.0,10.0,2.9301,-4.1606,0.0,-5.3356
1701,002815.SZ,崇达技术,2021-11-02 10:05:17,6.13052076,3,,4.812129202373107,20211102,False,True,0.6211,2.0988,-0.1814,-0.848,1.5272,-3.86947924,-3.24837924
1703,003043.SZ,华亚智能,2021-11-03 09:31:31,10.0,2,514300.0,4.239949748743712,20211103,False,True,10.0,2.8419,1.6782,-2.3951,10.0,0.0,12.8419
1707,601218.SH,吉鑫科技,2021-11-04 09:58:16,10.0,4,16008808.0,6.638418079096041,20211104,False,True,2.439,-7.2682,0.0,2.027,-1.8543,0.0,2.439
1712,605555.SH,德昌股份,2021-11-05 09:36:16,10.0,2,1119514.0,6.961863322242127,20211105,False,True,-3.0479,1.5119,1.5603,-5.4935,10.0,0.0,-3.0479
1719,002879.SZ,长缆科技,2021-11-08 09:35:16,10.0,2,785151.0,1.869158878504685,20211108,False,True,0.6261,-2.3556,-2.5489,4.1569,-0.7623,0.0,0.6261
1725,002879.SZ,长缆科技,2021-11-09 09:34:34,0.62611807,3,,1.7889087656529612,20211109,False,True,-2.3556,-2.5489,4.1569,-0.7623,3.3439,-9.37388193,-11.72948193
1731,603088.SH,宁波精达,2021-11-10 09:30:15,10.0,2,1650602.0,8.321377331420374,20211110,False,True,-2.6093,2.4782,-10.0,-8.7146,3.0231,0.0,-2.6093
1736,605333.SH,沪光股份,2021-11-11 09:30:15,10.0,4,2080300.0,7.4691026329930175,20211111,False,True,10.0,10.0,1.9378,-3.604,2.3007,0.0,21.9378
1741,605289.SH,罗曼股份,2021-11-12 09:34:00,1.41669233,2,,1.6322759470280297,20211112,False,True,2.8849,-10.0,0.3608,-6.2092,4.878,-8.58330767,-5.69840767
1746,002885.SZ,京泉华,2021-11-15 09:30:15,3.33607908,2,,10.008237232289948,20211115,False,True,10.0,-4.2391,-9.1941,-0.5417,10.0,-6.66392092,-0.9030209199999994
1751,002047.SZ,宝鹰股份,2021-11-16 09:30:15,10.0,3,1895299.0,7.64872521246459,20211116,False,True,0.2577,-7.7121,-3.3426,1.1527,0.0,0.0,0.2577
1760,002728.SZ,特一药业,2021-11-17 10:31:17,10.0,2,3313124.0,1.986754966887422,20211117,False,True,-10.0,-5.0836,1.198,3.6212,1.0081,0.0,-15.0836
1763,002943.SZ,宇晶股份,2021-11-18 09:32:00,10.0,3,1701500.0,9.602864583333345,20211118,False,True,8.2865,10.0,2.0621,10.0,,0.0,8.2865
1768,603213.SH,镇洋发展,2021-11-19 09:30:45,10.0,6,4245463.0,7.847372210223181,20211119,False,True,10.0,10.0,10.0,10.0,-10.0,0.0,30.0
1775,002432.SZ,九安医疗,2021-11-22 09:25:00,10.0,5,8887549.0,10.03649635036496,20211122,False,True,10.0,10.0,10.0,-2.4284,10.0,0.0,27.5716
1780,603895.SH,天永智能,2021-11-23 09:30:30,10.0,2,1339500.0,5.12483574244416,20211123,False,True,10.0,-10.0,-8.1255,-1.9264,1.3393,0.0,-8.1255
1788,603895.SH,天永智能,2021-11-24 09:30:15,10.0,3,933419.0,9.996017522899251,20211124,False,True,-10.0,-8.1255,-1.9264,1.3393,3.304,0.0,-18.1255
1794,000795.SZ,英洛华,2021-11-25 09:48:16,10.0,2,10788737.0,4.25240054869684,20211125,False,True,10.0,10.0,4.9485,2.7505,-7.8394,0.0,24.9485
1799,000838.SZ,财信发展,2021-11-26 09:30:46,10.1010101,2,13057568.0,4.292929292929292,20211126,False,True,-6.422,10.0,4.8998,-9.7665,2.5882,0.1010100999999998,-6.3209899
1805,000795.SZ,英洛华,2021-11-29 09:31:45,10.0,4,13536066.0,6.009070294784573,20211129,False,True,4.9485,2.7505,-7.8394,-1.971,-4.2328,0.0,4.9485
1811,002537.SZ,海联金汇,2021-11-30 09:33:00,9.89956958,2,,5.451936872309898,20211130,False,True,1.5666,-5.6555,-3.1335,-4.3601,-2.6471,-0.1004304200000003,1.4661695799999996
1816,600847.SH,万里股份,2021-12-01 09:30:15,10.0,2,5080989.0,9.813463098134624,20211201,False,True,10.0,10.0,10.0,1.6066,-4.1439,0.0,31.6066
1824,002803.SZ,吉宏股份,2021-12-02 09:31:00,10.0,2,6733921.0,7.003891050583664,20211202,False,True,-5.1724,-8.9044,0.6653,-1.5252,-1.9618,0.0,-5.1724
1828,002374.SZ,中锐股份,2021-12-03 09:31:00,7.33333333,5,,5.555555555555555,20211203,False,True,-10.0,-9.4253,3.5533,10.0,10.0,-2.66666667,-22.09196667
1836,600847.SH,万里股份,2021-12-06 09:33:00,10.0,5,1664775.0,0.0,20211206,False,True,1.6066,-4.1439,5.9158,1.2352,-0.5836,0.0,1.6066
1839,600860.SH,京城股份,2021-12-07 09:32:15,10.0,4,2381968.0,2.38828967642526,20211207,False,True,10.0,10.0,3.6458,-0.1675,10.0,0.0,23.6458
1845,002725.SZ,跃岭股份,2021-12-08 09:31:15,10.0,2,3205688.0,4.24028268551236,20211208,False,True,10.0,10.0,10.0,10.0,-1.2436,0.0,38.7564
